pageid	title	lang	lang_min
8700159	Category:'Are'are terms with IPA pronunciation	'Are'are	areare
7889864	Category:A-Hmao terms with IPA pronunciation	A-Hmao	ahmao
4688756	Category:Abau terms with IPA pronunciation	Abau	abau
4688449	Category:Abaza terms with IPA pronunciation	Abaza	abaza
4688962	Category:Abenaki terms with IPA pronunciation	Abenaki	abenaki
4688437	Category:Abkhaz terms with IPA pronunciation	Abkhaz	abkhaz
6526308	Category:Acehnese terms with IPA pronunciation	Acehnese	acehnese
5790867	Category:Achang terms with IPA pronunciation	Achang	achang
6071275	Category:Achumawi terms with IPA pronunciation	Achumawi	achumawi
4688329	Category:Adyghe terms with IPA pronunciation	Adyghe	adyghe
4688936	Category:Afar terms with IPA pronunciation	Afar	afar
4688334	Category:Afrikaans terms with IPA pronunciation	Afrikaans	afrikaans
7406786	Category:Aghwan terms with IPA pronunciation	Aghwan	aghwan
6084017	Category:Aguacateca terms with IPA pronunciation	Aguacateca	aguacateca
6071212	Category:Agutaynen terms with IPA pronunciation	Agutaynen	agutaynen
4972953	Category:Ahtna terms with IPA pronunciation	Ahtna	ahtna
8690883	Category:Ai-Cham terms with IPA pronunciation	Ai-Cham	aicham
4688477	Category:Ainu terms with IPA pronunciation	Ainu	ainu
5787576	Category:Aiton terms with IPA pronunciation	Aiton	aiton
5842757	Category:Ajië terms with IPA pronunciation	Ajië	ajië
4688920	Category:Akan terms with IPA pronunciation	Akan	akan
5462339	Category:Akha terms with IPA pronunciation	Akha	akha
4691448	Category:Akkadian terms with IPA pronunciation	Akkadian	akkadian
5071332	Category:Aklanon terms with IPA pronunciation	Aklanon	aklanon
5429481	Category:Akoye terms with IPA pronunciation	Akoye	akoye
5388462	Category:Akuntsu terms with IPA pronunciation	Akuntsu	akuntsu
4691501	Category:Alamblak terms with IPA pronunciation	Alamblak	alamblak
4688115	Category:Albanian terms with IPA pronunciation	Albanian	albanian
8007693	Category:Alekano terms with IPA pronunciation	Alekano	alekano
4688362	Category:Alemannic German terms with IPA pronunciation	Alemannic German	alemannicgerman
4688807	Category:Aleut terms with IPA pronunciation	Aleut	aleut
7441879	Category:Algerian Arabic terms with IPA pronunciation	Algerian Arabic	algerianarabic
4688719	Category:Algonquin terms with IPA pronunciation	Algonquin	algonquin
4688880	Category:Alutor terms with IPA pronunciation	Alutor	alutor
4688498	Category:Alviri-Vidari terms with IPA pronunciation	Alviri-Vidari	alvirividari
4688421	Category:Ama terms with IPA pronunciation	Ama	ama
4688841	Category:Amanab terms with IPA pronunciation	Amanab	amanab
7624100	Category:Ambonese Malay terms with IPA pronunciation	Ambonese Malay	ambonesemalay
4691498	Category:Ambulas terms with IPA pronunciation	Ambulas	ambulas
4688496	Category:Amharic terms with IPA pronunciation	Amharic	amharic
7187926	Category:Amis terms with IPA pronunciation	Amis	amis
8146651	Category:Anakalangu terms with IPA pronunciation	Anakalangu	anakalangu
6078049	Category:Anal terms with IPA pronunciation	Anal	anal
4688358	Category:Ancient Greek terms with IPA pronunciation	Ancient Greek	ancientgreek
7307289	Category:Andalusian Arabic terms with IPA pronunciation	Andalusian Arabic	andalusianarabic
4688823	Category:Aneme Wake terms with IPA pronunciation	Aneme Wake	anemewake
4691357	Category:Angaataha terms with IPA pronunciation	Angaataha	angaataha
7936777	Category:Angika terms with IPA pronunciation	Angika	angika
7334269	Category:Angloromani terms with IPA pronunciation	Angloromani	angloromani
4688926	Category:Angor terms with IPA pronunciation	Angor	angor
7300969	Category:Anindilyakwa terms with IPA pronunciation	Anindilyakwa	anindilyakwa
6846676	Category:Anjam terms with IPA pronunciation	Anjam	anjam
4688918	Category:Ankave terms with IPA pronunciation	Ankave	ankave
7307294	Category:Anufo terms with IPA pronunciation	Anufo	anufo
4691429	Category:Ao terms with IPA pronunciation	Ao	ao
4691428	Category:Apalaí terms with IPA pronunciation	Apalaí	apalaí
6161005	Category:Apiaká terms with IPA pronunciation	Apiaká	apiaká
4703354	Category:Apinayé terms with IPA pronunciation	Apinayé	apinayé
4687273	Category:Arabic terms with IPA pronunciation	Arabic	arabic
4688451	Category:Aragonese terms with IPA pronunciation	Aragonese	aragonese
8527666	Category:Araki terms with IPA pronunciation	Araki	araki
4688113	Category:Aramaic terms with IPA pronunciation	Aramaic	aramaic
6637115	Category:Arapaho terms with IPA pronunciation	Arapaho	arapaho
6136373	Category:Arara-Karo terms with IPA pronunciation	Arara-Karo	ararakaro
4688871	Category:Arawak terms with IPA pronunciation	Arawak	arawak
4688471	Category:Archi terms with IPA pronunciation	Archi	archi
7399175	Category:Arem terms with IPA pronunciation	Arem	arem
8183735	Category:Argobba terms with IPA pronunciation	Argobba	argobba
4688164	Category:Armenian terms with IPA pronunciation	Armenian	armenian
4688414	Category:Aromanian terms with IPA pronunciation	Aromanian	aromanian
6115706	Category:Arop-Lokep terms with IPA pronunciation	Arop-Lokep	aroplokep
6550210	Category:Ashokan Prakrit terms with IPA pronunciation	Ashokan Prakrit	ashokanprakrit
5106867	Category:Assamese terms with IPA pronunciation	Assamese	assamese
4691450	Category:Assyrian Neo-Aramaic terms with IPA pronunciation	Assyrian Neo-Aramaic	assyrianneoaramaic
4688336	Category:Asturian terms with IPA pronunciation	Asturian	asturian
8728413	Category:Atayal terms with IPA pronunciation	Atayal	atayal
5779030	Category:Atong (India) terms with IPA pronunciation	Atong (India)	atongindia
4688795	Category:Avar terms with IPA pronunciation	Avar	avar
4691496	Category:Avestan terms with IPA pronunciation	Avestan	avestan
7587824	Category:Awabakal terms with IPA pronunciation	Awabakal	awabakal
4688490	Category:Aymara terms with IPA pronunciation	Aymara	aymara
5570654	Category:Aynu terms with IPA pronunciation	Aynu	aynu
4688212	Category:Azerbaijani terms with IPA pronunciation	Azerbaijani	azerbaijani
8738034	Category:Baatonum terms with IPA pronunciation	Baatonum	baatonum
6246411	Category:Babanki terms with IPA pronunciation	Babanki	babanki
5106915	Category:Babole terms with IPA pronunciation	Babole	babole
4688819	Category:Bactrian terms with IPA pronunciation	Bactrian	bactrian
5790751	Category:Baha terms with IPA pronunciation	Baha	baha
6620192	Category:Baharna Arabic terms with IPA pronunciation	Baharna Arabic	baharnaarabic
4819499	Category:Bahnar terms with IPA pronunciation	Bahnar	bahnar
5842722	Category:Baiso terms with IPA pronunciation	Baiso	baiso
6293550	Category:Bakairí terms with IPA pronunciation	Bakairí	bakairí
7659164	Category:Bakhtiari terms with IPA pronunciation	Bakhtiari	bakhtiari
6293553	Category:Bakoko terms with IPA pronunciation	Bakoko	bakoko
8346149	Category:Balantak terms with IPA pronunciation	Balantak	balantak
6002263	Category:Balinese terms with IPA pronunciation	Balinese	balinese
6847389	Category:Balti terms with IPA pronunciation	Balti	balti
5388547	Category:Baluchi terms with IPA pronunciation	Baluchi	baluchi
6580981	Category:Bambara terms with IPA pronunciation	Bambara	bambara
6281807	Category:Bandjalang terms with IPA pronunciation	Bandjalang	bandjalang
4688917	Category:Banjarese terms with IPA pronunciation	Banjarese	banjarese
8072896	Category:Bantawa terms with IPA pronunciation	Bantawa	bantawa
8547055	Category:Banyumasan terms with IPA pronunciation	Banyumasan	banyumasan
7300973	Category:Baoule terms with IPA pronunciation	Baoule	baoule
6136322	Category:Bargam terms with IPA pronunciation	Bargam	bargam
5388357	Category:Bariai terms with IPA pronunciation	Bariai	bariai
6268335	Category:Barngarla terms with IPA pronunciation	Barngarla	barngarla
6205123	Category:Barunggam terms with IPA pronunciation	Barunggam	barunggam
4688143	Category:Bashkir terms with IPA pronunciation	Bashkir	bashkir
4688330	Category:Basque terms with IPA pronunciation	Basque	basque
6581515	Category:Bassa terms with IPA pronunciation	Bassa	bassa
6286080	Category:Bathari terms with IPA pronunciation	Bathari	bathari
7844466	Category:Bats terms with IPA pronunciation	Bats	bats
6213522	Category:Batui terms with IPA pronunciation	Batui	batui
4688773	Category:Baure terms with IPA pronunciation	Baure	baure
5601148	Category:Bavarian terms with IPA pronunciation	Bavarian	bavarian
5388396	Category:Beaver terms with IPA pronunciation	Beaver	beaver
6298997	Category:Bedjond terms with IPA pronunciation	Bedjond	bedjond
6268424	Category:Belait terms with IPA pronunciation	Belait	belait
4688423	Category:Belarusian terms with IPA pronunciation	Belarusian	belarusian
4691305	Category:Bella Coola terms with IPA pronunciation	Bella Coola	bellacoola
4688384	Category:Bengali terms with IPA pronunciation	Bengali	bengali
8541127	Category:Betawi terms with IPA pronunciation	Betawi	betawi
7906346	Category:Bezhta terms with IPA pronunciation	Bezhta	bezhta
6293576	Category:Bhilali terms with IPA pronunciation	Bhilali	bhilali
6656044	Category:Biao terms with IPA pronunciation	Biao	biao
6652557	Category:Biao Mon terms with IPA pronunciation	Biao Mon	biaomon
4688800	Category:Bikol Central terms with IPA pronunciation	Bikol Central	bikolcentral
6286082	Category:Bimin terms with IPA pronunciation	Bimin	bimin
6652646	Category:Binukid terms with IPA pronunciation	Binukid	binukid
7800624	Category:Birwa terms with IPA pronunciation	Birwa	birwa
5605748	Category:Bishnupriya Manipuri terms with IPA pronunciation	Bishnupriya Manipuri	bishnupriyamanipuri
4691489	Category:Bislama terms with IPA pronunciation	Bislama	bislama
6758263	Category:Blagar terms with IPA pronunciation	Blagar	blagar
5429441	Category:Bodo (India) terms with IPA pronunciation	Bodo (India)	bodoindia
4691439	Category:Bolinao terms with IPA pronunciation	Bolinao	bolinao
6246403	Category:Bolyu terms with IPA pronunciation	Bolyu	bolyu
5388350	Category:Bonan terms with IPA pronunciation	Bonan	bonan
7441939	Category:Bonggi terms with IPA pronunciation	Bonggi	bonggi
5388235	Category:Bora terms with IPA pronunciation	Bora	bora
4688417	Category:Borôro terms with IPA pronunciation	Borôro	borôro
5701024	Category:Bourguignon terms with IPA pronunciation	Bourguignon	bourguignon
7154588	Category:Bouyei terms with IPA pronunciation	Bouyei	bouyei
5654228	Category:Brahui terms with IPA pronunciation	Brahui	brahui
6794430	Category:Braj terms with IPA pronunciation	Braj	braj
4688173	Category:Breton terms with IPA pronunciation	Breton	breton
7339027	Category:Brunei Malay terms with IPA pronunciation	Brunei Malay	bruneimalay
6293581	Category:Budza terms with IPA pronunciation	Budza	budza
6246401	Category:Bugan terms with IPA pronunciation	Bugan	bugan
4688494	Category:Buginese terms with IPA pronunciation	Buginese	buginese
6652606	Category:Buhi'non Bikol terms with IPA pronunciation	Buhi'non Bikol	buhinonbikol
5656899	Category:Buhid terms with IPA pronunciation	Buhid	buhid
6581880	Category:Bukiyip terms with IPA pronunciation	Bukiyip	bukiyip
4687264	Category:Bulgarian terms with IPA pronunciation	Bulgarian	bulgarian
7487070	Category:Bumthangkha terms with IPA pronunciation	Bumthangkha	bumthangkha
6652893	Category:Bunama terms with IPA pronunciation	Bunama	bunama
6557944	Category:Bundeli terms with IPA pronunciation	Bundeli	bundeli
7510322	Category:Bunun terms with IPA pronunciation	Bunun	bunun
6391716	Category:Buol terms with IPA pronunciation	Buol	buol
6582030	Category:Bura terms with IPA pronunciation	Bura	bura
4688344	Category:Burmese terms with IPA pronunciation	Burmese	burmese
5593739	Category:Burushaski terms with IPA pronunciation	Burushaski	burushaski
4967355	Category:Buryat terms with IPA pronunciation	Buryat	buryat
6652959	Category:Bwatoo terms with IPA pronunciation	Bwatoo	bwatoo
5405763	Category:Cacua terms with IPA pronunciation	Cacua	cacua
4688934	Category:Cahuilla terms with IPA pronunciation	Cahuilla	cahuilla
7390345	Category:Calamian Tagbanwa terms with IPA pronunciation	Calamian Tagbanwa	calamiantagbanwa
7601747	Category:Caló terms with IPA pronunciation	Caló	caló
6071124	Category:Camarines Norte Agta terms with IPA pronunciation	Camarines Norte Agta	camarinesnorteagta
8511764	Category:Cameroon Pidgin terms with IPA pronunciation	Cameroon Pidgin	cameroonpidgin
7749644	Category:Canela terms with IPA pronunciation	Canela	canela
4688166	Category:Cantonese terms with IPA pronunciation	Cantonese	cantonese
7936783	Category:Car Nicobarese terms with IPA pronunciation	Car Nicobarese	carnicobarese
4981670	Category:Carolinian terms with IPA pronunciation	Carolinian	carolinian
6833752	Category:Carrier terms with IPA pronunciation	Carrier	carrier
4687537	Category:Catalan terms with IPA pronunciation	Catalan	catalan
4691415	Category:Catawba terms with IPA pronunciation	Catawba	catawba
5671556	Category:Cazcan terms with IPA pronunciation	Cazcan	cazcan
4981655	Category:Cebuano terms with IPA pronunciation	Cebuano	cebuano
4688809	Category:Central Atlas Tamazight terms with IPA pronunciation	Central Atlas Tamazight	centralatlastamazight
5409616	Category:Central Bai terms with IPA pronunciation	Central Bai	centralbai
4978538	Category:Central Franconian terms with IPA pronunciation	Central Franconian	centralfranconian
6852662	Category:Central Huasteca Nahuatl terms with IPA pronunciation	Central Huasteca Nahuatl	centralhuastecanahuatl
4688805	Category:Central Kurdish terms with IPA pronunciation	Central Kurdish	centralkurdish
7789641	Category:Central Mazahua terms with IPA pronunciation	Central Mazahua	centralmazahua
4688408	Category:Central Nahuatl terms with IPA pronunciation	Central Nahuatl	centralnahuatl
8096199	Category:Central Nicobarese terms with IPA pronunciation	Central Nicobarese	centralnicobarese
6781293	Category:Central Sierra Miwok terms with IPA pronunciation	Central Sierra Miwok	centralsierramiwok
8677228	Category:Chadong terms with IPA pronunciation	Chadong	chadong
8096237	Category:Chagatai terms with IPA pronunciation	Chagatai	chagatai
6633956	Category:Chakma terms with IPA pronunciation	Chakma	chakma
4688733	Category:Chamicuro terms with IPA pronunciation	Chamicuro	chamicuro
4688868	Category:Chamorro terms with IPA pronunciation	Chamorro	chamorro
7629705	Category:Chayuco Mixtec terms with IPA pronunciation	Chayuco Mixtec	chayucomixtec
4688764	Category:Chechen terms with IPA pronunciation	Chechen	chechen
7300983	Category:Chepang terms with IPA pronunciation	Chepang	chepang
4688754	Category:Cherokee terms with IPA pronunciation	Cherokee	cherokee
6652987	Category:Chewong terms with IPA pronunciation	Chewong	chewong
4691449	Category:Cheyenne terms with IPA pronunciation	Cheyenne	cheyenne
8039441	Category:Chibcha terms with IPA pronunciation	Chibcha	chibcha
5790296	Category:Chichewa terms with IPA pronunciation	Chichewa	chichewa
7476942	Category:Chichimeca-Jonaz terms with IPA pronunciation	Chichimeca-Jonaz	chichimecajonaz
4828942	Category:Chickasaw terms with IPA pronunciation	Chickasaw	chickasaw
5787593	Category:Chimalapa Zoque terms with IPA pronunciation	Chimalapa Zoque	chimalapazoque
4687072	Category:Chinese terms with IPA pronunciation	Chinese	chinese
7641789	Category:Chinook Jargon terms with IPA pronunciation	Chinook Jargon	chinookjargon
7149301	Category:Chipewyan terms with IPA pronunciation	Chipewyan	chipewyan
5662772	Category:Chiquimulilla terms with IPA pronunciation	Chiquimulilla	chiquimulilla
4688945	Category:Chiricahua terms with IPA pronunciation	Chiricahua	chiricahua
7154876	Category:Chocangaca terms with IPA pronunciation	Chocangaca	chocangaca
4688827	Category:Choctaw terms with IPA pronunciation	Choctaw	choctaw
7502171	Category:Chong terms with IPA pronunciation	Chong	chong
4688933	Category:Chuanqiandian Cluster Miao terms with IPA pronunciation	Chuanqiandian Cluster Miao	chuanqiandianclustermiao
4688928	Category:Chukchi terms with IPA pronunciation	Chukchi	chukchi
7402517	Category:Chut terms with IPA pronunciation	Chut	chut
4820295	Category:Chuukese terms with IPA pronunciation	Chuukese	chuukese
4688468	Category:Chuvash terms with IPA pronunciation	Chuvash	chuvash
5110688	Category:Cia-Cia terms with IPA pronunciation	Cia-Cia	ciacia
5671574	Category:Ciguayo terms with IPA pronunciation	Ciguayo	ciguayo
4688916	Category:Cimbrian terms with IPA pronunciation	Cimbrian	cimbrian
7514212	Category:Classical Mandaic terms with IPA pronunciation	Classical Mandaic	classicalmandaic
8096246	Category:Classical Mongolian terms with IPA pronunciation	Classical Mongolian	classicalmongolian
4687583	Category:Classical Nahuatl terms with IPA pronunciation	Classical Nahuatl	classicalnahuatl
4688174	Category:Classical Syriac terms with IPA pronunciation	Classical Syriac	classicalsyriac
4691363	Category:Coast Miwok terms with IPA pronunciation	Coast Miwok	coastmiwok
8285056	Category:Coastal Konjo terms with IPA pronunciation	Coastal Konjo	coastalkonjo
8280629	Category:Coatepec Nahuatl terms with IPA pronunciation	Coatepec Nahuatl	coatepecnahuatl
4688780	Category:Coatlán Mixe terms with IPA pronunciation	Coatlán Mixe	coatlánmixe
5712517	Category:Cofán terms with IPA pronunciation	Cofán	cofán
4691493	Category:Comanche terms with IPA pronunciation	Comanche	comanche
7624524	Category:Copala Triqui terms with IPA pronunciation	Copala Triqui	copalatriqui
5098744	Category:Coptic terms with IPA pronunciation	Coptic	coptic
4688343	Category:Cornish terms with IPA pronunciation	Cornish	cornish
4688424	Category:Corsican terms with IPA pronunciation	Corsican	corsican
4691356	Category:Creek terms with IPA pronunciation	Creek	creek
8636842	Category:Crimean Gothic terms with IPA pronunciation	Crimean Gothic	crimeangothic
4688860	Category:Crimean Tatar terms with IPA pronunciation	Crimean Tatar	crimeantatar
7255704	Category:Crow terms with IPA pronunciation	Crow	crow
5787893	Category:Cun terms with IPA pronunciation	Cun	cun
6223609	Category:Cupeño terms with IPA pronunciation	Cupeño	cupeño
4686975	Category:Czech terms with IPA pronunciation	Czech	czech
6299166	Category:Daba terms with IPA pronunciation	Daba	daba
6228170	Category:Dahalo terms with IPA pronunciation	Dahalo	dahalo
8280642	Category:Dairi Batak terms with IPA pronunciation	Dairi Batak	dairibatak
4688955	Category:Dakota terms with IPA pronunciation	Dakota	dakota
4688393	Category:Dalmatian terms with IPA pronunciation	Dalmatian	dalmatian
4686901	Category:Danish terms with IPA pronunciation	Danish	danish
8370663	Category:Darkinjung terms with IPA pronunciation	Darkinjung	darkinjung
7324455	Category:Datooga terms with IPA pronunciation	Datooga	datooga
5945213	Category:Daur terms with IPA pronunciation	Daur	daur
4972894	Category:Deg Xinag terms with IPA pronunciation	Deg Xinag	degxinag
7841366	Category:Demotic terms with IPA pronunciation	Demotic	demotic
4972903	Category:Dena'ina terms with IPA pronunciation	Dena'ina	denaina
5462441	Category:Desano terms with IPA pronunciation	Desano	desano
6318218	Category:Dharug terms with IPA pronunciation	Dharug	dharug
4688834	Category:Dhivehi terms with IPA pronunciation	Dhivehi	dhivehi
8007713	Category:Dinka terms with IPA pronunciation	Dinka	dinka
8280646	Category:Dogrib terms with IPA pronunciation	Dogrib	dogrib
7112883	Category:Dolgan terms with IPA pronunciation	Dolgan	dolgan
7101019	Category:Domari terms with IPA pronunciation	Domari	domari
5880228	Category:Dongxiang terms with IPA pronunciation	Dongxiang	dongxiang
4833821	Category:Dorig terms with IPA pronunciation	Dorig	dorig
6637155	Category:Drehu terms with IPA pronunciation	Drehu	drehu
8048364	Category:Duala terms with IPA pronunciation	Duala	duala
7492122	Category:Dukhan terms with IPA pronunciation	Dukhan	dukhan
6637481	Category:Dumbea terms with IPA pronunciation	Dumbea	dumbea
5782984	Category:Dumi terms with IPA pronunciation	Dumi	dumi
6532422	Category:Dungan terms with IPA pronunciation	Dungan	dungan
6115719	Category:Dupaningan Agta terms with IPA pronunciation	Dupaningan Agta	dupaninganagta
4686902	Category:Dutch terms with IPA pronunciation	Dutch	dutch
4688478	Category:Dutch Low Saxon terms with IPA pronunciation	Dutch Low Saxon	dutchlowsaxon
7814421	Category:Dyula terms with IPA pronunciation	Dyula	dyula
6975499	Category:Dzongkha terms with IPA pronunciation	Dzongkha	dzongkha
5568780	Category:Dâw terms with IPA pronunciation	Dâw	dâw
5787851	Category:E'ma Buyang terms with IPA pronunciation	E'ma Buyang	emabuyang
8656333	Category:Early Modern Korean terms with IPA pronunciation	Early Modern Korean	earlymodernkorean
6637027	Category:East Central German terms with IPA pronunciation	East Central German	eastcentralgerman
5106508	Category:East Futuna terms with IPA pronunciation	East Futuna	eastfutuna
6031710	Category:East Yugur terms with IPA pronunciation	East Yugur	eastyugur
8438691	Category:Eastern Bru terms with IPA pronunciation	Eastern Bru	easternbru
8499477	Category:Eastern Cham terms with IPA pronunciation	Eastern Cham	easterncham
7732077	Category:Eastern Huasteca Nahuatl terms with IPA pronunciation	Eastern Huasteca Nahuatl	easternhuastecanahuatl
8430603	Category:Eastern Katu terms with IPA pronunciation	Eastern Katu	easternkatu
7932190	Category:Eastern Lawa terms with IPA pronunciation	Eastern Lawa	easternlawa
7918278	Category:Eastern Magar terms with IPA pronunciation	Eastern Magar	easternmagar
4691417	Category:Eastern Mari terms with IPA pronunciation	Eastern Mari	easternmari
4800188	Category:Eastern Mnong terms with IPA pronunciation	Eastern Mnong	easternmnong
6890212	Category:Eastern Pwo terms with IPA pronunciation	Eastern Pwo	easternpwo
7918317	Category:Eastern Tamang terms with IPA pronunciation	Eastern Tamang	easterntamang
7227437	Category:Edo terms with IPA pronunciation	Edo	edo
8575381	Category:Edomite terms with IPA pronunciation	Edomite	edomite
5388266	Category:Efutop terms with IPA pronunciation	Efutop	efutop
4688369	Category:Egyptian terms with IPA pronunciation	Egyptian	egyptian
4687271	Category:Egyptian Arabic terms with IPA pronunciation	Egyptian Arabic	egyptianarabic
4688913	Category:Elfdalian terms with IPA pronunciation	Elfdalian	elfdalian
6161009	Category:Emerillon terms with IPA pronunciation	Emerillon	emerillon
4688810	Category:Emilian terms with IPA pronunciation	Emilian	emilian
4686854	Category:English terms with IPA pronunciation	English	english
4760994	Category:Erzya terms with IPA pronunciation	Erzya	erzya
4687538	Category:Esperanto terms with IPA pronunciation	Esperanto	esperanto
4688360	Category:Estonian terms with IPA pronunciation	Estonian	estonian
4691368	Category:Eton (Cameroon) terms with IPA pronunciation	Eton (Cameroon)	etoncameroon
4688735	Category:Etruscan terms with IPA pronunciation	Etruscan	etruscan
6325061	Category:Even terms with IPA pronunciation	Even	even
6043688	Category:Evenki terms with IPA pronunciation	Evenki	evenki
4688221	Category:Ewe terms with IPA pronunciation	Ewe	ewe
4688769	Category:Extremaduran terms with IPA pronunciation	Extremaduran	extremaduran
4688857	Category:Fala terms with IPA pronunciation	Fala	fala
4687905	Category:Faliscan terms with IPA pronunciation	Faliscan	faliscan
7309542	Category:Farefare terms with IPA pronunciation	Farefare	farefare
4686903	Category:Faroese terms with IPA pronunciation	Faroese	faroese
4688348	Category:Fiji Hindi terms with IPA pronunciation	Fiji Hindi	fijihindi
4688798	Category:Fijian terms with IPA pronunciation	Fijian	fijian
4688094	Category:Finnish terms with IPA pronunciation	Finnish	finnish
4691494	Category:Fox terms with IPA pronunciation	Fox	fox
7354861	Category:Francisco León Zoque terms with IPA pronunciation	Francisco León Zoque	franciscoleónzoque
4688725	Category:Franco-Provençal terms with IPA pronunciation	Franco-Provençal	francoprovençal
4686850	Category:French terms with IPA pronunciation	French	french
4688765	Category:Friulian terms with IPA pronunciation	Friulian	friulian
5660123	Category:Fula terms with IPA pronunciation	Fula	fula
4688411	Category:Ga terms with IPA pronunciation	Ga	ga
4688843	Category:Gagauz terms with IPA pronunciation	Gagauz	gagauz
4688353	Category:Galician terms with IPA pronunciation	Galician	galician
4688837	Category:Gallo terms with IPA pronunciation	Gallo	gallo
5871912	Category:Gallurese terms with IPA pronunciation	Gallurese	gallurese
7927152	Category:Gamale Kham terms with IPA pronunciation	Gamale Kham	gamalekham
4688355	Category:Gamilaraay terms with IPA pronunciation	Gamilaraay	gamilaraay
8044306	Category:Gandhari terms with IPA pronunciation	Gandhari	gandhari
8149477	Category:Garhwali terms with IPA pronunciation	Garhwali	garhwali
6567180	Category:Garifuna terms with IPA pronunciation	Garifuna	garifuna
7744138	Category:Garo terms with IPA pronunciation	Garo	garo
4688716	Category:Gaulish terms with IPA pronunciation	Gaulish	gaulish
8348169	Category:Gayo terms with IPA pronunciation	Gayo	gayo
8188021	Category:Ge'ez terms with IPA pronunciation	Ge'ez	geez
4686893	Category:Georgian terms with IPA pronunciation	Georgian	georgian
4686852	Category:German terms with IPA pronunciation	German	german
4688359	Category:German Low German terms with IPA pronunciation	German Low German	germanlowgerman
8007724	Category:Ghari terms with IPA pronunciation	Ghari	ghari
4836139	Category:Gilbertese terms with IPA pronunciation	Gilbertese	gilbertese
5429227	Category:Gobasi terms with IPA pronunciation	Gobasi	gobasi
4691308	Category:Goemai terms with IPA pronunciation	Goemai	goemai
4688881	Category:Golin terms with IPA pronunciation	Golin	golin
6908187	Category:Gong terms with IPA pronunciation	Gong	gong
6299168	Category:Gor terms with IPA pronunciation	Gor	gor
5367036	Category:Gorontalo terms with IPA pronunciation	Gorontalo	gorontalo
4687269	Category:Gothic terms with IPA pronunciation	Gothic	gothic
8730529	Category:Gottscheerish terms with IPA pronunciation	Gottscheerish	gottscheerish
4688117	Category:Greek terms with IPA pronunciation	Greek	greek
4688465	Category:Greenlandic terms with IPA pronunciation	Greenlandic	greenlandic
4691348	Category:Guajajára terms with IPA pronunciation	Guajajára	guajajára
6161254	Category:Guajá terms with IPA pronunciation	Guajá	guajá
4691422	Category:Guaraní terms with IPA pronunciation	Guaraní	guaraní
7370129	Category:Guerrero Nahuatl terms with IPA pronunciation	Guerrero Nahuatl	guerreronahuatl
5791066	Category:Guiqiong terms with IPA pronunciation	Guiqiong	guiqiong
4688760	Category:Gujarati terms with IPA pronunciation	Gujarati	gujarati
6299171	Category:Gulay terms with IPA pronunciation	Gulay	gulay
4691401	Category:Gulf Arabic terms with IPA pronunciation	Gulf Arabic	gulfarabic
5592073	Category:Gullah terms with IPA pronunciation	Gullah	gullah
8584299	Category:Gun terms with IPA pronunciation	Gun	gun
6775268	Category:Gunwinggu terms with IPA pronunciation	Gunwinggu	gunwinggu
7324479	Category:Gurani terms with IPA pronunciation	Gurani	gurani
6060380	Category:Gutnish terms with IPA pronunciation	Gutnish	gutnish
4688402	Category:Guugu Yimidhirr terms with IPA pronunciation	Guugu Yimidhirr	guuguyimidhirr
8007746	Category:Gweno terms with IPA pronunciation	Gweno	gweno
4691329	Category:Gwich'in terms with IPA pronunciation	Gwich'in	gwichin
4958919	Category:Hadza terms with IPA pronunciation	Hadza	hadza
6640572	Category:Haeke terms with IPA pronunciation	Haeke	haeke
5188767	Category:Haida terms with IPA pronunciation	Haida	haida
4688833	Category:Haitian Creole terms with IPA pronunciation	Haitian Creole	haitiancreole
7461773	Category:Halkomelem terms with IPA pronunciation	Halkomelem	halkomelem
8508330	Category:Hani terms with IPA pronunciation	Hani	hani
8185201	Category:Harari terms with IPA pronunciation	Harari	harari
4688939	Category:Hassaniya terms with IPA pronunciation	Hassaniya	hassaniya
4691370	Category:Hausa terms with IPA pronunciation	Hausa	hausa
6640574	Category:Haveke terms with IPA pronunciation	Haveke	haveke
4688404	Category:Hawaiian terms with IPA pronunciation	Hawaiian	hawaiian
4688125	Category:Hebrew terms with IPA pronunciation	Hebrew	hebrew
4927199	Category:Heiltsuk terms with IPA pronunciation	Heiltsuk	heiltsuk
5787825	Category:Highland Popoluca terms with IPA pronunciation	Highland Popoluca	highlandpopoluca
7737926	Category:Highland Puebla Nahuatl terms with IPA pronunciation	Highland Puebla Nahuatl	highlandpueblanahuatl
4691435	Category:Hijazi Arabic terms with IPA pronunciation	Hijazi Arabic	hijaziarabic
4688432	Category:Hiligaynon terms with IPA pronunciation	Hiligaynon	hiligaynon
4687076	Category:Hindi terms with IPA pronunciation	Hindi	hindi
7906338	Category:Hinukh terms with IPA pronunciation	Hinukh	hinukh
4691354	Category:Hittite terms with IPA pronunciation	Hittite	hittite
6466095	Category:Hlai terms with IPA pronunciation	Hlai	hlai
4972914	Category:Holikachuk terms with IPA pronunciation	Holikachuk	holikachuk
7447655	Category:Hopi terms with IPA pronunciation	Hopi	hopi
5791330	Category:Horpa terms with IPA pronunciation	Horpa	horpa
5660243	Category:Hote terms with IPA pronunciation	Hote	hote
8482791	Category:Hre terms with IPA pronunciation	Hre	hre
8146619	Category:Huaxcaleca Nahuatl terms with IPA pronunciation	Huaxcaleca Nahuatl	huaxcalecanahuatl
4687293	Category:Hungarian terms with IPA pronunciation	Hungarian	hungarian
4688479	Category:Hunsrik terms with IPA pronunciation	Hunsrik	hunsrik
7906349	Category:Hunzib terms with IPA pronunciation	Hunzib	hunzib
5791263	Category:Hupa terms with IPA pronunciation	Hupa	hupa
7301009	Category:Hutterisch terms with IPA pronunciation	Hutterisch	hutterisch
6627749	Category:Hän terms with IPA pronunciation	Hän	hän
4688877	Category:Iban terms with IPA pronunciation	Iban	iban
8285103	Category:Ibanag terms with IPA pronunciation	Ibanag	ibanag
5701419	Category:Iberian terms with IPA pronunciation	Iberian	iberian
4686895	Category:Icelandic terms with IPA pronunciation	Icelandic	icelandic
4688410	Category:Ido terms with IPA pronunciation	Ido	ido
5791204	Category:Idu terms with IPA pronunciation	Idu	idu
8744245	Category:Ifè terms with IPA pronunciation	Ifè	ifè
8280816	Category:Igala terms with IPA pronunciation	Igala	igala
7162966	Category:Igbo terms with IPA pronunciation	Igbo	igbo
8617778	Category:Igede terms with IPA pronunciation	Igede	igede
4999476	Category:Ilocano terms with IPA pronunciation	Ilocano	ilocano
4688838	Category:Inari Sami terms with IPA pronunciation	Inari Sami	inarisami
4688387	Category:Indonesian terms with IPA pronunciation	Indonesian	indonesian
7709382	Category:Ingrian terms with IPA pronunciation	Ingrian	ingrian
6673279	Category:Ingush terms with IPA pronunciation	Ingush	ingush
4688258	Category:Interlingua terms with IPA pronunciation	Interlingua	interlingua
4688832	Category:Inuktitut terms with IPA pronunciation	Inuktitut	inuktitut
7179372	Category:Iraqi Arabic terms with IPA pronunciation	Iraqi Arabic	iraqiarabic
5601176	Category:Iraqw terms with IPA pronunciation	Iraqw	iraqw
8630795	Category:Iriga Bicolano terms with IPA pronunciation	Iriga Bicolano	irigabicolano
4687485	Category:Irish terms with IPA pronunciation	Irish	irish
4688825	Category:Isan terms with IPA pronunciation	Isan	isan
4688463	Category:Isthmus Zapotec terms with IPA pronunciation	Isthmus Zapotec	isthmuszapotec
4688406	Category:Istro-Romanian terms with IPA pronunciation	Istro-Romanian	istroromanian
4686974	Category:Italian terms with IPA pronunciation	Italian	italian
7962810	Category:Italiot Greek terms with IPA pronunciation	Italiot Greek	italiotgreek
6822308	Category:Ivatan terms with IPA pronunciation	Ivatan	ivatan
6286104	Category:Iwam terms with IPA pronunciation	Iwam	iwam
7307374	Category:Jabutí terms with IPA pronunciation	Jabutí	jabutí
4688894	Category:Jamaican Creole terms with IPA pronunciation	Jamaican Creole	jamaicancreole
6581388	Category:Jamamadí terms with IPA pronunciation	Jamamadí	jamamadí
5604350	Category:Jamtish terms with IPA pronunciation	Jamtish	jamtish
4687074	Category:Japanese terms with IPA pronunciation	Japanese	japanese
5376298	Category:Jarai terms with IPA pronunciation	Jarai	jarai
7893090	Category:Jarawa terms with IPA pronunciation	Jarawa	jarawa
4688801	Category:Javanese terms with IPA pronunciation	Javanese	javanese
7359567	Category:Jeju terms with IPA pronunciation	Jeju	jeju
4688752	Category:Jersey Dutch terms with IPA pronunciation	Jersey Dutch	jerseydutch
7936763	Category:Jeru terms with IPA pronunciation	Jeru	jeru
4688381	Category:Jingpho terms with IPA pronunciation	Jingpho	jingpho
4812983	Category:Judeo-Tat terms with IPA pronunciation	Judeo-Tat	judeotat
5671553	Category:Jumaytepeque terms with IPA pronunciation	Jumaytepeque	jumaytepeque
7852965	Category:Jurúna terms with IPA pronunciation	Jurúna	jurúna
7599451	Category:Jutish terms with IPA pronunciation	Jutish	jutish
8357700	Category:Juǀ'hoan terms with IPA pronunciation	Juǀ'hoan	juǀhoan
7261824	Category:K'iche' terms with IPA pronunciation	K'iche'	kiche
4688723	Category:Kabardian terms with IPA pronunciation	Kabardian	kabardian
4688921	Category:Kabuverdianu terms with IPA pronunciation	Kabuverdianu	kabuverdianu
4688784	Category:Kabyle terms with IPA pronunciation	Kabyle	kabyle
5842603	Category:Kachama-Ganjule terms with IPA pronunciation	Kachama-Ganjule	kachamaganjule
8183806	Category:Kachchi terms with IPA pronunciation	Kachchi	kachchi
4688902	Category:Kaingang terms with IPA pronunciation	Kaingang	kaingang
7498201	Category:Kajaman terms with IPA pronunciation	Kajaman	kajaman
6254180	Category:Kala terms with IPA pronunciation	Kala	kala
6807927	Category:Kalami terms with IPA pronunciation	Kalami	kalami
6372562	Category:Kalasha terms with IPA pronunciation	Kalasha	kalasha
4688890	Category:Kalmyk terms with IPA pronunciation	Kalmyk	kalmyk
6762633	Category:Kalo Finnish Romani terms with IPA pronunciation	Kalo Finnish Romani	kalofinnishromani
4688884	Category:Kamayurá terms with IPA pronunciation	Kamayurá	kamayurá
6483855	Category:Kamba terms with IPA pronunciation	Kamba	kamba
8146689	Category:Kambera terms with IPA pronunciation	Kambera	kambera
6900102	Category:Kamkata-viri terms with IPA pronunciation	Kamkata-viri	kamkataviri
7749776	Category:Kamta terms with IPA pronunciation	Kamta	kamta
8546977	Category:Kangean terms with IPA pronunciation	Kangean	kangean
8077208	Category:Kangri terms with IPA pronunciation	Kangri	kangri
7983562	Category:Kankanaey terms with IPA pronunciation	Kankanaey	kankanaey
4688803	Category:Kannada terms with IPA pronunciation	Kannada	kannada
4688875	Category:Kanoé terms with IPA pronunciation	Kanoé	kanoé
6205030	Category:Kanuri terms with IPA pronunciation	Kanuri	kanuri
4688731	Category:Kapampangan terms with IPA pronunciation	Kapampangan	kapampangan
7298057	Category:Kaqchikel terms with IPA pronunciation	Kaqchikel	kaqchikel
7487090	Category:Karachay-Balkar terms with IPA pronunciation	Karachay-Balkar	karachaybalkar
4688970	Category:Karakalpak terms with IPA pronunciation	Karakalpak	karakalpak
4688729	Category:Karelian terms with IPA pronunciation	Karelian	karelian
4688750	Category:Karipúna Creole French terms with IPA pronunciation	Karipúna Creole French	karipúnacreolefrench
5718584	Category:Karkar-Yuri terms with IPA pronunciation	Karkar-Yuri	karkaryuri
8193475	Category:Karo Batak terms with IPA pronunciation	Karo Batak	karobatak
7810597	Category:Kasem terms with IPA pronunciation	Kasem	kasem
5083824	Category:Kashmiri terms with IPA pronunciation	Kashmiri	kashmiri
4688395	Category:Kashubian terms with IPA pronunciation	Kashubian	kashubian
6268007	Category:Kaurna terms with IPA pronunciation	Kaurna	kaurna
7510363	Category:Kavalan terms with IPA pronunciation	Kavalan	kavalan
7400748	Category:Kawésqar terms with IPA pronunciation	Kawésqar	kawésqar
7852510	Category:Kayapó terms with IPA pronunciation	Kayapó	kayapó
4688830	Category:Kaytetye terms with IPA pronunciation	Kaytetye	kaytetye
4688445	Category:Kazakh terms with IPA pronunciation	Kazakh	kazakh
4688454	Category:Kedah Malay terms with IPA pronunciation	Kedah Malay	kedahmalay
6136446	Category:Kein terms with IPA pronunciation	Kein	kein
7307438	Category:Kendayan terms with IPA pronunciation	Kendayan	kendayan
6268840	Category:Kenga terms with IPA pronunciation	Kenga	kenga
6552751	Category:Kermanic terms with IPA pronunciation	Kermanic	kermanic
4691346	Category:Ket terms with IPA pronunciation	Ket	ket
4688742	Category:Khakas terms with IPA pronunciation	Khakas	khakas
7918263	Category:Kham terms with IPA pronunciation	Kham	kham
8490025	Category:Khamnigan Mongol terms with IPA pronunciation	Khamnigan Mongol	khamniganmongol
8001604	Category:Khamti terms with IPA pronunciation	Khamti	khamti
4688790	Category:Khanty terms with IPA pronunciation	Khanty	khanty
7546625	Category:Khitan terms with IPA pronunciation	Khitan	khitan
4688363	Category:Khmer terms with IPA pronunciation	Khmer	khmer
4688897	Category:Khmu terms with IPA pronunciation	Khmu	khmu
4688895	Category:Khoekhoe terms with IPA pronunciation	Khoekhoe	khoekhoe
7776209	Category:Kholosi terms with IPA pronunciation	Kholosi	kholosi
5654173	Category:Khowar terms with IPA pronunciation	Khowar	khowar
8011756	Category:Khumi Chin terms with IPA pronunciation	Khumi Chin	khumichin
7906339	Category:Khvarshi terms with IPA pronunciation	Khvarshi	khvarshi
8728753	Category:Khün terms with IPA pronunciation	Khün	khün
5186377	Category:Kikai terms with IPA pronunciation	Kikai	kikai
5650537	Category:Kikuyu terms with IPA pronunciation	Kikuyu	kikuyu
4691292	Category:Kildin Sami terms with IPA pronunciation	Kildin Sami	kildinsami
4792291	Category:Kilivila terms with IPA pronunciation	Kilivila	kilivila
4691433	Category:Kinikinao terms with IPA pronunciation	Kinikinao	kinikinao
5783178	Category:Kiowa terms with IPA pronunciation	Kiowa	kiowa
4691431	Category:Klamath-Modoc terms with IPA pronunciation	Klamath-Modoc	klamathmodoc
8146697	Category:Kodi terms with IPA pronunciation	Kodi	kodi
5783078	Category:Kohistani Shina terms with IPA pronunciation	Kohistani Shina	kohistanishina
5605089	Category:Kokborok terms with IPA pronunciation	Kokborok	kokborok
7500295	Category:Komi-Permyak terms with IPA pronunciation	Komi-Permyak	komipermyak
4691427	Category:Komi-Zyrian terms with IPA pronunciation	Komi-Zyrian	komizyrian
6261848	Category:Konabéré terms with IPA pronunciation	Konabéré	konabéré
6417531	Category:Konkani terms with IPA pronunciation	Konkani	konkani
5842777	Category:Koorete terms with IPA pronunciation	Koorete	koorete
4686824	Category:Korean terms with IPA pronunciation	Korean	korean
7582238	Category:Koryak terms with IPA pronunciation	Koryak	koryak
6351204	Category:Kosraean terms with IPA pronunciation	Kosraean	kosraean
4972965	Category:Koyukon terms with IPA pronunciation	Koyukon	koyukon
7852832	Category:Krahô terms with IPA pronunciation	Krahô	krahô
4688720	Category:Kristang terms with IPA pronunciation	Kristang	kristang
8077185	Category:Kullu Pahari terms with IPA pronunciation	Kullu Pahari	kullupahari
6620222	Category:Kuman terms with IPA pronunciation	Kuman	kuman
7924634	Category:Kumarbhag Paharia terms with IPA pronunciation	Kumarbhag Paharia	kumarbhagpaharia
7533963	Category:Kumyk terms with IPA pronunciation	Kumyk	kumyk
7010993	Category:Kunigami terms with IPA pronunciation	Kunigami	kunigami
7838001	Category:Kurtop terms with IPA pronunciation	Kurtop	kurtop
7924636	Category:Kurukh terms with IPA pronunciation	Kurukh	kurukh
8690981	Category:Kusaal terms with IPA pronunciation	Kusaal	kusaal
7897567	Category:Kusunda terms with IPA pronunciation	Kusunda	kusunda
4691425	Category:Kutenai terms with IPA pronunciation	Kutenai	kutenai
6566637	Category:Kven terms with IPA pronunciation	Kven	kven
6436345	Category:Kwak'wala terms with IPA pronunciation	Kwak'wala	kwakwala
6647840	Category:Kwangali terms with IPA pronunciation	Kwangali	kwangali
4688732	Category:Kyrgyz terms with IPA pronunciation	Kyrgyz	kyrgyz
4691421	Category:Kâte terms with IPA pronunciation	Kâte	kâte
7417162	Category:Laboya terms with IPA pronunciation	Laboya	laboya
4688851	Category:Lacandon terms with IPA pronunciation	Lacandon	lacandon
4839773	Category:Ladin terms with IPA pronunciation	Ladin	ladin
4688497	Category:Ladino terms with IPA pronunciation	Ladino	ladino
5787908	Category:Laha (Vietnam) terms with IPA pronunciation	Laha (Vietnam)	lahavietnam
7498205	Category:Lahanan terms with IPA pronunciation	Lahanan	lahanan
6617515	Category:Lahu terms with IPA pronunciation	Lahu	lahu
6695174	Category:Lak terms with IPA pronunciation	Lak	lak
4688495	Category:Lakota terms with IPA pronunciation	Lakota	lakota
5961083	Category:Lambadi terms with IPA pronunciation	Lambadi	lambadi
4688138	Category:Lao terms with IPA pronunciation	Lao	lao
7705624	Category:Lashi terms with IPA pronunciation	Lashi	lashi
4688447	Category:Latgalian terms with IPA pronunciation	Latgalian	latgalian
4686847	Category:Latin terms with IPA pronunciation	Latin	latin
4687295	Category:Latvian terms with IPA pronunciation	Latvian	latvian
4838904	Category:Laz terms with IPA pronunciation	Laz	laz
4691373	Category:Lendu terms with IPA pronunciation	Lendu	lendu
7707082	Category:Leonese terms with IPA pronunciation	Leonese	leonese
6344507	Category:Lepcha terms with IPA pronunciation	Lepcha	lepcha
5567377	Category:Leti (Indonesia) terms with IPA pronunciation	Leti (Indonesia)	letiindonesia
4691345	Category:Lezgi terms with IPA pronunciation	Lezgi	lezgi
5961064	Category:Lhao Vo terms with IPA pronunciation	Lhao Vo	lhaovo
4688222	Category:Libyan Arabic terms with IPA pronunciation	Libyan Arabic	libyanarabic
4688425	Category:Ligurian terms with IPA pronunciation	Ligurian	ligurian
5674092	Category:Limbu terms with IPA pronunciation	Limbu	limbu
4688341	Category:Limburgish terms with IPA pronunciation	Limburgish	limburgish
4688874	Category:Lingala terms with IPA pronunciation	Lingala	lingala
8139442	Category:Lingao terms with IPA pronunciation	Lingao	lingao
8489657	Category:Lipo terms with IPA pronunciation	Lipo	lipo
8722565	Category:Lisu terms with IPA pronunciation	Lisu	lisu
4688092	Category:Lithuanian terms with IPA pronunciation	Lithuanian	lithuanian
4688219	Category:Livonian terms with IPA pronunciation	Livonian	livonian
4763570	Category:Livvi terms with IPA pronunciation	Livvi	livvi
8084934	Category:Lo-Toga terms with IPA pronunciation	Lo-Toga	lotoga
7726305	Category:Lolopo terms with IPA pronunciation	Lolopo	lolopo
4688392	Category:Lombard terms with IPA pronunciation	Lombard	lombard
8040466	Category:Louisiana Creole French terms with IPA pronunciation	Louisiana Creole French	louisianacreolefrench
8520474	Category:Lovono terms with IPA pronunciation	Lovono	lovono
4686900	Category:Low German terms with IPA pronunciation	Low German	lowgerman
4688022	Category:Lower Sorbian terms with IPA pronunciation	Lower Sorbian	lowersorbian
4972900	Category:Lower Tanana terms with IPA pronunciation	Lower Tanana	lowertanana
8523517	Category:Ludian terms with IPA pronunciation	Ludian	ludian
4691492	Category:Luganda terms with IPA pronunciation	Luganda	luganda
7307461	Category:Lumun terms with IPA pronunciation	Lumun	lumun
4688738	Category:Lun Bawang terms with IPA pronunciation	Lun Bawang	lunbawang
4688434	Category:Luo terms with IPA pronunciation	Luo	luo
7577522	Category:Lushootseed terms with IPA pronunciation	Lushootseed	lushootseed
4688170	Category:Luxembourgish terms with IPA pronunciation	Luxembourgish	luxembourgish
4691289	Category:Lü terms with IPA pronunciation	Lü	lü
6848757	Category:Ma Manda terms with IPA pronunciation	Ma Manda	mamanda
4687265	Category:Macedonian terms with IPA pronunciation	Macedonian	macedonian
5662770	Category:Macoris terms with IPA pronunciation	Macoris	macoris
8178425	Category:Magahi terms with IPA pronunciation	Magahi	magahi
7555198	Category:Magdalena Peñasco Mixtec terms with IPA pronunciation	Magdalena Peñasco Mixtec	magdalenapeñascomixtec
5660126	Category:Maithili terms with IPA pronunciation	Maithili	maithili
8694060	Category:Mak (China) terms with IPA pronunciation	Mak (China)	makchina
7280368	Category:Makasar terms with IPA pronunciation	Makasar	makasar
7566368	Category:Malaccan Creole Malay terms with IPA pronunciation	Malaccan Creole Malay	malaccancreolemalay
4688405	Category:Malagasy terms with IPA pronunciation	Malagasy	malagasy
4687195	Category:Malay terms with IPA pronunciation	Malay	malay
4688371	Category:Malayalam terms with IPA pronunciation	Malayalam	malayalam
4687535	Category:Maltese terms with IPA pronunciation	Maltese	maltese
6294406	Category:Malvi terms with IPA pronunciation	Malvi	malvi
5505906	Category:Maléku Jaíka terms with IPA pronunciation	Maléku Jaíka	malékujaíka
5505854	Category:Mam terms with IPA pronunciation	Mam	mam
8146708	Category:Mamboru terms with IPA pronunciation	Mamboru	mamboru
6530838	Category:Manchu terms with IPA pronunciation	Manchu	manchu
7459802	Category:Mandaic terms with IPA pronunciation	Mandaic	mandaic
4687073	Category:Mandarin terms with IPA pronunciation	Mandarin	mandarin
4688419	Category:Mandinka terms with IPA pronunciation	Mandinka	mandinka
6205266	Category:Mandobo Atas terms with IPA pronunciation	Mandobo Atas	mandoboatas
7843878	Category:Mandobo Bawah terms with IPA pronunciation	Mandobo Bawah	mandobobawah
6296652	Category:Mangghuer terms with IPA pronunciation	Mangghuer	mangghuer
7380588	Category:Manipuri terms with IPA pronunciation	Manipuri	manipuri
4688957	Category:Mansi terms with IPA pronunciation	Mansi	mansi
4688216	Category:Manx terms with IPA pronunciation	Manx	manx
8692492	Category:Maonan terms with IPA pronunciation	Maonan	maonan
6541548	Category:Maore Comorian terms with IPA pronunciation	Maore Comorian	maorecomorian
4688718	Category:Maori terms with IPA pronunciation	Maori	maori
4688491	Category:Mapudungun terms with IPA pronunciation	Mapudungun	mapudungun
8737884	Category:Maquiritari terms with IPA pronunciation	Maquiritari	maquiritari
4688749	Category:Marathi terms with IPA pronunciation	Marathi	marathi
4691424	Category:Marshallese terms with IPA pronunciation	Marshallese	marshallese
4688397	Category:Martuthunira terms with IPA pronunciation	Martuthunira	martuthunira
7872219	Category:Marwari terms with IPA pronunciation	Marwari	marwari
6609066	Category:Masakará terms with IPA pronunciation	Masakará	masakará
8678278	Category:Masbatenyo terms with IPA pronunciation	Masbatenyo	masbatenyo
5663041	Category:Massachusett terms with IPA pronunciation	Massachusett	massachusett
6551107	Category:Matal terms with IPA pronunciation	Matal	matal
5505667	Category:Mato terms with IPA pronunciation	Mato	mato
6760375	Category:Mauritian Creole terms with IPA pronunciation	Mauritian Creole	mauritiancreole
4982930	Category:Mazanderani terms with IPA pronunciation	Mazanderani	mazanderani
6491422	Category:Mbabaram terms with IPA pronunciation	Mbabaram	mbabaram
7975878	Category:Mbyá Guaraní terms with IPA pronunciation	Mbyá Guaraní	mbyáguaraní
6268324	Category:Mecayapan Nahuatl terms with IPA pronunciation	Mecayapan Nahuatl	mecayapannahuatl
4688464	Category:Megleno-Romanian terms with IPA pronunciation	Megleno-Romanian	meglenoromanian
7578411	Category:Mehri terms with IPA pronunciation	Mehri	mehri
5202299	Category:Meru terms with IPA pronunciation	Meru	meru
6902008	Category:Mezquital Otomi terms with IPA pronunciation	Mezquital Otomi	mezquitalotomi
8134168	Category:Meänkieli terms with IPA pronunciation	Meänkieli	meänkieli
6088589	Category:Mi'kmaq terms with IPA pronunciation	Mi'kmaq	mikmaq
5107029	Category:Miami terms with IPA pronunciation	Miami	miami
4688715	Category:Michif terms with IPA pronunciation	Michif	michif
7789759	Category:Michoacán Mazahua terms with IPA pronunciation	Michoacán Mazahua	michoacánmazahua
8086825	Category:Middle Bengali terms with IPA pronunciation	Middle Bengali	middlebengali
4688176	Category:Middle Dutch terms with IPA pronunciation	Middle Dutch	middledutch
4688446	Category:Middle English terms with IPA pronunciation	Middle English	middleenglish
4981652	Category:Middle French terms with IPA pronunciation	Middle French	middlefrench
4799797	Category:Middle High German terms with IPA pronunciation	Middle High German	middlehighgerman
4688722	Category:Middle Irish terms with IPA pronunciation	Middle Irish	middleirish
4688883	Category:Middle Korean terms with IPA pronunciation	Middle Korean	middlekorean
4688367	Category:Middle Low German terms with IPA pronunciation	Middle Low German	middlelowgerman
6047047	Category:Middle Mongolian terms with IPA pronunciation	Middle Mongolian	middlemongolian
4691293	Category:Middle Persian terms with IPA pronunciation	Middle Persian	middlepersian
4687487	Category:Middle Welsh terms with IPA pronunciation	Middle Welsh	middlewelsh
5701425	Category:Midob terms with IPA pronunciation	Midob	midob
4688118	Category:Min Nan terms with IPA pronunciation	Min Nan	minnan
8179801	Category:Minaean terms with IPA pronunciation	Minaean	minaean
4688967	Category:Minangkabau terms with IPA pronunciation	Minangkabau	minangkabau
4823691	Category:Mingrelian terms with IPA pronunciation	Mingrelian	mingrelian
5567332	Category:Minica Huitoto terms with IPA pronunciation	Minica Huitoto	minicahuitoto
4688965	Category:Mirandese terms with IPA pronunciation	Mirandese	mirandese
8584409	Category:Miraya Bikol terms with IPA pronunciation	Miraya Bikol	mirayabikol
8072093	Category:Miriwung terms with IPA pronunciation	Miriwung	miriwung
7234133	Category:Miskito terms with IPA pronunciation	Miskito	miskito
7348710	Category:Mixed Great Andamanese terms with IPA pronunciation	Mixed Great Andamanese	mixedgreatandamanese
4688796	Category:Miyako terms with IPA pronunciation	Miyako	miyako
4688717	Category:Mizo terms with IPA pronunciation	Mizo	mizo
6268381	Category:Mmen terms with IPA pronunciation	Mmen	mmen
5660121	Category:Mochica terms with IPA pronunciation	Mochica	mochica
7803984	Category:Mogholi terms with IPA pronunciation	Mogholi	mogholi
4688829	Category:Mohawk terms with IPA pronunciation	Mohawk	mohawk
4912555	Category:Moksha terms with IPA pronunciation	Moksha	moksha
6578931	Category:Mon terms with IPA pronunciation	Mon	mon
6294628	Category:Mongghul terms with IPA pronunciation	Mongghul	mongghul
4688748	Category:Mongolian terms with IPA pronunciation	Mongolian	mongolian
7083811	Category:Montagnais terms with IPA pronunciation	Montagnais	montagnais
7810343	Category:Moore terms with IPA pronunciation	Moore	moore
4691378	Category:Mopan Maya terms with IPA pronunciation	Mopan Maya	mopanmaya
7735114	Category:Morelos Nahuatl terms with IPA pronunciation	Morelos Nahuatl	morelosnahuatl
5567590	Category:Mori Atas terms with IPA pronunciation	Mori Atas	moriatas
5540281	Category:Mori Bawah terms with IPA pronunciation	Mori Bawah	moribawah
7810633	Category:Moro terms with IPA pronunciation	Moro	moro
6888994	Category:Moroccan Amazigh terms with IPA pronunciation	Moroccan Amazigh	moroccanamazigh
4688489	Category:Moroccan Arabic terms with IPA pronunciation	Moroccan Arabic	moroccanarabic
6268876	Category:Morom terms with IPA pronunciation	Morom	morom
7307491	Category:Mualang terms with IPA pronunciation	Mualang	mualang
8711238	Category:Muduapa terms with IPA pronunciation	Muduapa	muduapa
7419138	Category:Mulam terms with IPA pronunciation	Mulam	mulam
8285264	Category:Muna terms with IPA pronunciation	Muna	muna
6097525	Category:Mundari terms with IPA pronunciation	Mundari	mundari
7061948	Category:Munsee terms with IPA pronunciation	Munsee	munsee
4777474	Category:Muong terms with IPA pronunciation	Muong	muong
8473343	Category:Mursi terms with IPA pronunciation	Mursi	mursi
5567524	Category:Murui Huitoto terms with IPA pronunciation	Murui Huitoto	muruihuitoto
4691444	Category:Mwotlap terms with IPA pronunciation	Mwotlap	mwotlap
4688452	Category:Mòcheno terms with IPA pronunciation	Mòcheno	mòcheno
5607567	Category:N'Ko terms with IPA pronunciation	N'Ko	nko
6268879	Category:Naba terms with IPA pronunciation	Naba	naba
7726960	Category:Nabak terms with IPA pronunciation	Nabak	nabak
7686510	Category:Nahuatl terms with IPA pronunciation	Nahuatl	nahuatl
7866305	Category:Najdi Arabic terms with IPA pronunciation	Najdi Arabic	najdiarabic
4691453	Category:Nambikwara terms with IPA pronunciation	Nambikwara	nambikwara
5791362	Category:Namuyi terms with IPA pronunciation	Namuyi	namuyi
6069075	Category:Nanai terms with IPA pronunciation	Nanai	nanai
7303989	Category:Nandi terms with IPA pronunciation	Nandi	nandi
8459405	Category:Naro terms with IPA pronunciation	Naro	naro
4688806	Category:Nauruan terms with IPA pronunciation	Nauruan	nauruan
4688364	Category:Navajo terms with IPA pronunciation	Navajo	navajo
6609049	Category:Naxi terms with IPA pronunciation	Naxi	naxi
4686737	Category:Neapolitan terms with IPA pronunciation	Neapolitan	neapolitan
8157604	Category:Negeri Sembilan Malay terms with IPA pronunciation	Negeri Sembilan Malay	negerisembilanmalay
4688802	Category:Nepali terms with IPA pronunciation	Nepali	nepali
7735326	Category:Newar terms with IPA pronunciation	Newar	newar
4688849	Category:Ngaanyatjarra terms with IPA pronunciation	Ngaanyatjarra	ngaanyatjarra
8353875	Category:Ngaju terms with IPA pronunciation	Ngaju	ngaju
6259597	Category:Ngam terms with IPA pronunciation	Ngam	ngam
4691500	Category:Nganasan terms with IPA pronunciation	Nganasan	nganasan
8007704	Category:Ngas terms with IPA pronunciation	Ngas	ngas
4688839	Category:Ngawun terms with IPA pronunciation	Ngawun	ngawun
8734545	Category:Nguôn terms with IPA pronunciation	Nguôn	nguôn
5540293	Category:Nheengatu terms with IPA pronunciation	Nheengatu	nheengatu
4688964	Category:Nias terms with IPA pronunciation	Nias	nias
8281185	Category:Nigerian Pidgin terms with IPA pronunciation	Nigerian Pidgin	nigerianpidgin
6294413	Category:Nimadi terms with IPA pronunciation	Nimadi	nimadi
4688949	Category:Niuean terms with IPA pronunciation	Niuean	niuean
7401393	Category:Nivaclé terms with IPA pronunciation	Nivaclé	nivaclé
4688961	Category:Nivkh terms with IPA pronunciation	Nivkh	nivkh
8459050	Category:Niya Prakrit terms with IPA pronunciation	Niya Prakrit	niyaprakrit
8615454	Category:Nobiin terms with IPA pronunciation	Nobiin	nobiin
4688938	Category:Nootka terms with IPA pronunciation	Nootka	nootka
4688794	Category:Norman terms with IPA pronunciation	Norman	norman
8713641	Category:Norn terms with IPA pronunciation	Norn	norn
4688429	Category:North Frisian terms with IPA pronunciation	North Frisian	northfrisian
4688789	Category:North Levantine Arabic terms with IPA pronunciation	North Levantine Arabic	northlevantinearabic
7924528	Category:North Mesopotamian Arabic terms with IPA pronunciation	North Mesopotamian Arabic	northmesopotamianarabic
6848546	Category:North Wahgi terms with IPA pronunciation	North Wahgi	northwahgi
7400075	Category:Northern Altai terms with IPA pronunciation	Northern Altai	northernaltai
7154188	Category:Northern Amami-Oshima terms with IPA pronunciation	Northern Amami-Oshima	northernamamioshima
6359964	Category:Northern Catanduanes Bicolano terms with IPA pronunciation	Northern Catanduanes Bicolano	northerncatanduanesbicolano
4688905	Category:Northern Haida terms with IPA pronunciation	Northern Haida	northernhaida
7931781	Category:Northern Khmer terms with IPA pronunciation	Northern Khmer	northernkhmer
7808521	Category:Northern Kurdish terms with IPA pronunciation	Northern Kurdish	northernkurdish
7659419	Category:Northern Luri terms with IPA pronunciation	Northern Luri	northernluri
8103544	Category:Northern Oaxaca Nahuatl terms with IPA pronunciation	Northern Oaxaca Nahuatl	northernoaxacanahuatl
5122111	Category:Northern Paiute terms with IPA pronunciation	Northern Paiute	northernpaiute
7892775	Category:Northern Puebla Nahuatl terms with IPA pronunciation	Northern Puebla Nahuatl	northernpueblanahuatl
5791369	Category:Northern Pumi terms with IPA pronunciation	Northern Pumi	northernpumi
8511824	Category:Northern Qiandong Miao terms with IPA pronunciation	Northern Qiandong Miao	northernqiandongmiao
8469280	Category:Northern Qiang terms with IPA pronunciation	Northern Qiang	northernqiang
4688473	Category:Northern Sami terms with IPA pronunciation	Northern Sami	northernsami
4688888	Category:Northern Thai terms with IPA pronunciation	Northern Thai	northernthai
6073364	Category:Northern Tujia terms with IPA pronunciation	Northern Tujia	northerntujia
6324448	Category:Northern Yukaghir terms with IPA pronunciation	Northern Yukaghir	northernyukaghir
4686898	Category:Norwegian terms with IPA pronunciation	Norwegian	norwegian
4688326	Category:Norwegian Bokmål terms with IPA pronunciation	Norwegian Bokmål	norwegianbokmål
4688172	Category:Norwegian Nynorsk terms with IPA pronunciation	Norwegian Nynorsk	norwegiannynorsk
7695347	Category:Nuer terms with IPA pronunciation	Nuer	nuer
8527721	Category:Nung terms with IPA pronunciation	Nung	nung
8547155	Category:Nupe terms with IPA pronunciation	Nupe	nupe
7923549	Category:Nyah Kur terms with IPA pronunciation	Nyah Kur	nyahkur
5111746	Category:Nyishi terms with IPA pronunciation	Nyishi	nyishi
5405502	Category:Nyâlayu terms with IPA pronunciation	Nyâlayu	nyâlayu
5567443	Category:Nüpode Huitoto terms with IPA pronunciation	Nüpode Huitoto	nüpodehuitoto
4688937	Category:O'odham terms with IPA pronunciation	O'odham	oodham
6205325	Category:Ocaina terms with IPA pronunciation	Ocaina	ocaina
4688268	Category:Occitan terms with IPA pronunciation	Occitan	occitan
4688930	Category:Ojibwe terms with IPA pronunciation	Ojibwe	ojibwe
8532426	Category:Okanagan terms with IPA pronunciation	Okanagan	okanagan
5186371	Category:Oki-No-Erabu terms with IPA pronunciation	Oki-No-Erabu	okinoerabu
4828941	Category:Okinawan terms with IPA pronunciation	Okinawan	okinawan
7388853	Category:Old Anatolian Turkish terms with IPA pronunciation	Old Anatolian Turkish	oldanatolianturkish
8080455	Category:Old Bengali terms with IPA pronunciation	Old Bengali	oldbengali
8077323	Category:Old Church Slavonic terms with IPA pronunciation	Old Church Slavonic	oldchurchslavonic
7877527	Category:Old Czech terms with IPA pronunciation	Old Czech	oldczech
4823694	Category:Old Danish terms with IPA pronunciation	Old Danish	olddanish
7275144	Category:Old Dutch terms with IPA pronunciation	Old Dutch	olddutch
4688811	Category:Old East Slavic terms with IPA pronunciation	Old East Slavic	oldeastslavic
4686906	Category:Old English terms with IPA pronunciation	Old English	oldenglish
4688215	Category:Old French terms with IPA pronunciation	Old French	oldfrench
4688887	Category:Old Frisian terms with IPA pronunciation	Old Frisian	oldfrisian
4688882	Category:Old Georgian terms with IPA pronunciation	Old Georgian	oldgeorgian
4688357	Category:Old High German terms with IPA pronunciation	Old High German	oldhighgerman
4688214	Category:Old Irish terms with IPA pronunciation	Old Irish	oldirish
5367187	Category:Old Javanese terms with IPA pronunciation	Old Javanese	oldjavanese
7666205	Category:Old Khmer terms with IPA pronunciation	Old Khmer	oldkhmer
8080595	Category:Old Mon terms with IPA pronunciation	Old Mon	oldmon
4686905	Category:Old Norse terms with IPA pronunciation	Old Norse	oldnorse
8615470	Category:Old Nubian terms with IPA pronunciation	Old Nubian	oldnubian
4688383	Category:Old Occitan terms with IPA pronunciation	Old Occitan	oldoccitan
7706291	Category:Old Persian terms with IPA pronunciation	Old Persian	oldpersian
4688847	Category:Old Polish terms with IPA pronunciation	Old Polish	oldpolish
4688186	Category:Old Portuguese terms with IPA pronunciation	Old Portuguese	oldportuguese
4688413	Category:Old Prussian terms with IPA pronunciation	Old Prussian	oldprussian
4688211	Category:Old Saxon terms with IPA pronunciation	Old Saxon	oldsaxon
4688385	Category:Old Spanish terms with IPA pronunciation	Old Spanish	oldspanish
6666264	Category:Old Swedish terms with IPA pronunciation	Old Swedish	oldswedish
4688401	Category:Old Tupi terms with IPA pronunciation	Old Tupi	oldtupi
7888693	Category:Old Turkic terms with IPA pronunciation	Old Turkic	oldturkic
5202336	Category:Old Welsh terms with IPA pronunciation	Old Welsh	oldwelsh
7138454	Category:Olekha terms with IPA pronunciation	Olekha	olekha
8092921	Category:Ometepec Nahuatl terms with IPA pronunciation	Ometepec Nahuatl	ometepecnahuatl
5570651	Category:Oriya terms with IPA pronunciation	Oriya	oriya
7735337	Category:Orizaba Nahuatl terms with IPA pronunciation	Orizaba Nahuatl	orizabanahuatl
5660222	Category:Ormuri terms with IPA pronunciation	Ormuri	ormuri
6013480	Category:Oromo terms with IPA pronunciation	Oromo	oromo
8541088	Category:Osing terms with IPA pronunciation	Osing	osing
4688379	Category:Ossetian terms with IPA pronunciation	Ossetian	ossetian
4688787	Category:Ottoman Turkish terms with IPA pronunciation	Ottoman Turkish	ottomanturkish
8063165	Category:Pa'o Karen terms with IPA pronunciation	Pa'o Karen	paokaren
4802025	Category:Pacoh terms with IPA pronunciation	Pacoh	pacoh
5567595	Category:Padoe terms with IPA pronunciation	Padoe	padoe
6371695	Category:Paiwan terms with IPA pronunciation	Paiwan	paiwan
4808614	Category:Palauan terms with IPA pronunciation	Palauan	palauan
5212163	Category:Pali terms with IPA pronunciation	Pali	pali
7852803	Category:Panará terms with IPA pronunciation	Panará	panará
6294424	Category:Pande terms with IPA pronunciation	Pande	pande
4688603	Category:Pangasinan terms with IPA pronunciation	Pangasinan	pangasinan
6136323	Category:Panim terms with IPA pronunciation	Panim	panim
4688736	Category:Panyjima terms with IPA pronunciation	Panyjima	panyjima
5367869	Category:Papantla Totonac terms with IPA pronunciation	Papantla Totonac	papantlatotonac
8009209	Category:Papiamentu terms with IPA pronunciation	Papiamentu	papiamentu
5866230	Category:Paraguayan Guaraní terms with IPA pronunciation	Paraguayan Guaraní	paraguayanguaraní
8021450	Category:Parauk terms with IPA pronunciation	Parauk	parauk
7852839	Category:Pará Gavião terms with IPA pronunciation	Pará Gavião	parágavião
4688169	Category:Pashto terms with IPA pronunciation	Pashto	pashto
5417010	Category:Pawaia terms with IPA pronunciation	Pawaia	pawaia
5790654	Category:Pela terms with IPA pronunciation	Pela	pela
4688878	Category:Pemon terms with IPA pronunciation	Pemon	pemon
7238040	Category:Pennsylvania German terms with IPA pronunciation	Pennsylvania German	pennsylvaniagerman
4687272	Category:Persian terms with IPA pronunciation	Persian	persian
5787953	Category:Phake terms with IPA pronunciation	Phake	phake
7831790	Category:Phalura terms with IPA pronunciation	Phalura	phalura
8352083	Category:Philistine terms with IPA pronunciation	Philistine	philistine
7361674	Category:Phoenician terms with IPA pronunciation	Phoenician	phoenician
4688846	Category:Picard terms with IPA pronunciation	Picard	picard
4688799	Category:Piedmontese terms with IPA pronunciation	Piedmontese	piedmontese
4691380	Category:Pijin terms with IPA pronunciation	Pijin	pijin
4688469	Category:Pipil terms with IPA pronunciation	Pipil	pipil
4688948	Category:Pirahã terms with IPA pronunciation	Pirahã	pirahã
4691372	Category:Pite Sami terms with IPA pronunciation	Pite Sami	pitesami
4691443	Category:Pitjantjatjara terms with IPA pronunciation	Pitjantjatjara	pitjantjatjara
7852764	Category:Plains Cree terms with IPA pronunciation	Plains Cree	plainscree
4688941	Category:Plautdietsch terms with IPA pronunciation	Plautdietsch	plautdietsch
7474196	Category:Pnar terms with IPA pronunciation	Pnar	pnar
7334255	Category:Pochutec terms with IPA pronunciation	Pochutec	pochutec
4791549	Category:Pohnpeian terms with IPA pronunciation	Pohnpeian	pohnpeian
7430924	Category:Polabian terms with IPA pronunciation	Polabian	polabian
4687263	Category:Polish terms with IPA pronunciation	Polish	polish
4687469	Category:Portuguese terms with IPA pronunciation	Portuguese	portuguese
8285292	Category:Prakrit terms with IPA pronunciation	Prakrit	prakrit
7032515	Category:Primitive Irish terms with IPA pronunciation	Primitive Irish	primitiveirish
4688914	Category:Principense terms with IPA pronunciation	Principense	principense
8046260	Category:Proto-Abkhaz-Abaza terms with IPA pronunciation	Proto-Abkhaz-Abaza	protoabkhazabaza
8347928	Category:Proto-Albanian terms with IPA pronunciation	Proto-Albanian	protoalbanian
6548062	Category:Proto-Anatolian terms with IPA pronunciation	Proto-Anatolian	protoanatolian
7267811	Category:Proto-Athabaskan terms with IPA pronunciation	Proto-Athabaskan	protoathabaskan
4688713	Category:Proto-Austronesian terms with IPA pronunciation	Proto-Austronesian	protoaustronesian
4780611	Category:Proto-Brythonic terms with IPA pronunciation	Proto-Brythonic	protobrythonic
4929739	Category:Proto-Celtic terms with IPA pronunciation	Proto-Celtic	protoceltic
4691490	Category:Proto-Central-Eastern Malayo-Polynesian terms with IPA pronunciation	Proto-Central-Eastern Malayo-Polynesian	protocentraleasternmalayopolynesian
6666556	Category:Proto-Chamic terms with IPA pronunciation	Proto-Chamic	protochamic
7875075	Category:Proto-Eastern Malayo-Polynesian terms with IPA pronunciation	Proto-Eastern Malayo-Polynesian	protoeasternmalayopolynesian
4686904	Category:Proto-Germanic terms with IPA pronunciation	Proto-Germanic	protogermanic
8347800	Category:Proto-Hellenic terms with IPA pronunciation	Proto-Hellenic	protohellenic
4688762	Category:Proto-Indo-European terms with IPA pronunciation	Proto-Indo-European	protoindoeuropean
5073872	Category:Proto-Italic terms with IPA pronunciation	Proto-Italic	protoitalic
4691294	Category:Proto-Malayic terms with IPA pronunciation	Proto-Malayic	protomalayic
4691298	Category:Proto-Malayo-Chamic terms with IPA pronunciation	Proto-Malayo-Chamic	protomalayochamic
4688415	Category:Proto-Malayo-Polynesian terms with IPA pronunciation	Proto-Malayo-Polynesian	protomalayopolynesian
4691303	Category:Proto-Malayo-Sumbawan terms with IPA pronunciation	Proto-Malayo-Sumbawan	protomalayosumbawan
8203966	Category:Proto-Nakh terms with IPA pronunciation	Proto-Nakh	protonakh
4689340	Category:Proto-Norse terms with IPA pronunciation	Proto-Norse	protonorse
8421485	Category:Proto-North Halmahera terms with IPA pronunciation	Proto-North Halmahera	protonorthhalmahera
7852846	Category:Proto-Northern Jê terms with IPA pronunciation	Proto-Northern Jê	protonorthernjê
7165968	Category:Proto-Nuclear Polynesian terms with IPA pronunciation	Proto-Nuclear Polynesian	protonuclearpolynesian
6371721	Category:Proto-Oceanic terms with IPA pronunciation	Proto-Oceanic	protooceanic
7963669	Category:Proto-Permic terms with IPA pronunciation	Proto-Permic	protopermic
4691420	Category:Proto-Philippine terms with IPA pronunciation	Proto-Philippine	protophilippine
4688727	Category:Proto-Polynesian terms with IPA pronunciation	Proto-Polynesian	protopolynesian
7053066	Category:Proto-Ryukyuan terms with IPA pronunciation	Proto-Ryukyuan	protoryukyuan
7359751	Category:Proto-Slavic terms with IPA pronunciation	Proto-Slavic	protoslavic
4691322	Category:Proto-Sunda-Sulawesi terms with IPA pronunciation	Proto-Sunda-Sulawesi	protosundasulawesi
8029028	Category:Proto-Yukaghir terms with IPA pronunciation	Proto-Yukaghir	protoyukaghir
6094416	Category:Puluwat terms with IPA pronunciation	Puluwat	puluwat
4688726	Category:Punic terms with IPA pronunciation	Punic	punic
4687075	Category:Punjabi terms with IPA pronunciation	Punjabi	punjabi
7206591	Category:Purepecha terms with IPA pronunciation	Purepecha	purepecha
7510441	Category:Puyuma terms with IPA pronunciation	Puyuma	puyuma
7852782	Category:Pykobjê terms with IPA pronunciation	Pykobjê	pykobjê
4689021	Category:Q'anjob'al terms with IPA pronunciation	Q'anjob'al	qanjobal
5787778	Category:Qabiao terms with IPA pronunciation	Qabiao	qabiao
6161333	Category:Qaqet terms with IPA pronunciation	Qaqet	qaqet
4688724	Category:Quechua terms with IPA pronunciation	Quechua	quechua
7789787	Category:Querétaro Otomi terms with IPA pronunciation	Querétaro Otomi	querétarootomi
5790727	Category:Queyu terms with IPA pronunciation	Queyu	queyu
7793806	Category:Rabha terms with IPA pronunciation	Rabha	rabha
4819773	Category:Rade terms with IPA pronunciation	Rade	rade
5708040	Category:Rajasthani terms with IPA pronunciation	Rajasthani	rajasthani
5367026	Category:Rajbanshi terms with IPA pronunciation	Rajbanshi	rajbanshi
7191644	Category:Rakhine terms with IPA pronunciation	Rakhine	rakhine
4688814	Category:Rapa Nui terms with IPA pronunciation	Rapa Nui	rapanui
8563247	Category:Ratagnon terms with IPA pronunciation	Ratagnon	ratagnon
8059155	Category:Rawang terms with IPA pronunciation	Rawang	rawang
5787934	Category:Rayón Zoque terms with IPA pronunciation	Rayón Zoque	rayónzoque
5787844	Category:Red Gelao terms with IPA pronunciation	Red Gelao	redgelao
6627896	Category:Rendille terms with IPA pronunciation	Rendille	rendille
6332103	Category:Repanbitip terms with IPA pronunciation	Repanbitip	repanbitip
7451646	Category:Rhine Franconian terms with IPA pronunciation	Rhine Franconian	rhinefranconian
6371640	Category:Rohingya terms with IPA pronunciation	Rohingya	rohingya
4688485	Category:Romagnol terms with IPA pronunciation	Romagnol	romagnol
4691319	Category:Romani terms with IPA pronunciation	Romani	romani
4687539	Category:Romanian terms with IPA pronunciation	Romanian	romanian
4688443	Category:Romansch terms with IPA pronunciation	Romansch	romansch
4687282	Category:Russian terms with IPA pronunciation	Russian	russian
4688772	Category:Rusyn terms with IPA pronunciation	Rusyn	rusyn
4688889	Category:Rwanda-Rundi terms with IPA pronunciation	Rwanda-Rundi	rwandarundi
8649707	Category:Réunion Creole French terms with IPA pronunciation	Réunion Creole French	réunioncreolefrench
8136896	Category:S'gaw Karen terms with IPA pronunciation	S'gaw Karen	sgawkaren
4687543	Category:Saanich terms with IPA pronunciation	Saanich	saanich
7973578	Category:Saaroa terms with IPA pronunciation	Saaroa	saaroa
8142318	Category:Sabaean terms with IPA pronunciation	Sabaean	sabaean
8709780	Category:Sabah Malay terms with IPA pronunciation	Sabah Malay	sabahmalay
8572851	Category:Saho terms with IPA pronunciation	Saho	saho
8508233	Category:Sahu terms with IPA pronunciation	Sahu	sahu
7507882	Category:Saisiyat terms with IPA pronunciation	Saisiyat	saisiyat
6213567	Category:Saluan terms with IPA pronunciation	Saluan	saluan
7514258	Category:Samaritan Aramaic terms with IPA pronunciation	Samaritan Aramaic	samaritanaramaic
5075482	Category:Samoan terms with IPA pronunciation	Samoan	samoan
4688859	Category:Samogitian terms with IPA pronunciation	Samogitian	samogitian
5787627	Category:San Agustín Mixtepec Zapotec terms with IPA pronunciation	San Agustín Mixtepec Zapotec	sanagustínmixtepeczapotec
6891317	Category:San Juan Colorado Mixtec terms with IPA pronunciation	San Juan Colorado Mixtec	sanjuancoloradomixtec
7495829	Category:San Martín Itunyoso Triqui terms with IPA pronunciation	San Martín Itunyoso Triqui	sanmartínitunyosotriqui
6891535	Category:San Pedro Amuzgos Amuzgo terms with IPA pronunciation	San Pedro Amuzgos Amuzgo	sanpedroamuzgosamuzgo
7381214	Category:Sango terms with IPA pronunciation	Sango	sango
5790673	Category:Sani terms with IPA pronunciation	Sani	sani
4687077	Category:Sanskrit terms with IPA pronunciation	Sanskrit	sanskrit
8358001	Category:Santa María La Alta Nahuatl terms with IPA pronunciation	Santa María La Alta Nahuatl	santamaríalaaltanahuatl
4688971	Category:Santali terms with IPA pronunciation	Santali	santali
6299174	Category:Sar terms with IPA pronunciation	Sar	sar
6847640	Category:Saraiki terms with IPA pronunciation	Saraiki	saraiki
4688963	Category:Sardinian terms with IPA pronunciation	Sardinian	sardinian
7493477	Category:Sasak terms with IPA pronunciation	Sasak	sasak
8153140	Category:Sassarese terms with IPA pronunciation	Sassarese	sassarese
6094417	Category:Satawalese terms with IPA pronunciation	Satawalese	satawalese
4688457	Category:Saterland Frisian terms with IPA pronunciation	Saterland Frisian	saterlandfrisian
6222196	Category:Sawai terms with IPA pronunciation	Sawai	sawai
5787572	Category:Sayula Popoluca terms with IPA pronunciation	Sayula Popoluca	sayulapopoluca
5604338	Category:Scanian terms with IPA pronunciation	Scanian	scanian
4687525	Category:Scots terms with IPA pronunciation	Scots	scots
4688116	Category:Scottish Gaelic terms with IPA pronunciation	Scottish Gaelic	scottishgaelic
8491747	Category:Sedang terms with IPA pronunciation	Sedang	sedang
7498248	Category:Sekapan terms with IPA pronunciation	Sekapan	sekapan
5178550	Category:Selkup terms with IPA pronunciation	Selkup	selkup
4989023	Category:Semai terms with IPA pronunciation	Semai	semai
7702566	Category:Seneca terms with IPA pronunciation	Seneca	seneca
6848650	Category:Sepik Iwam terms with IPA pronunciation	Sepik Iwam	sepikiwam
4687266	Category:Serbo-Croatian terms with IPA pronunciation	Serbo-Croatian	serbocroatian
5660120	Category:Serer terms with IPA pronunciation	Serer	serer
4688442	Category:Seri terms with IPA pronunciation	Seri	seri
4688460	Category:Shan terms with IPA pronunciation	Shan	shan
6609042	Category:Shaozhou Tuhua terms with IPA pronunciation	Shaozhou Tuhua	shaozhoutuhua
7924532	Category:Sherpa terms with IPA pronunciation	Sherpa	sherpa
7938687	Category:Sheshi Kham terms with IPA pronunciation	Sheshi Kham	sheshikham
5660165	Category:Shina terms with IPA pronunciation	Shina	shina
5791316	Category:Shixing terms with IPA pronunciation	Shixing	shixing
7041133	Category:Shona terms with IPA pronunciation	Shona	shona
4765421	Category:Shor terms with IPA pronunciation	Shor	shor
8541661	Category:Shoshone terms with IPA pronunciation	Shoshone	shoshone
7166851	Category:Shuar terms with IPA pronunciation	Shuar	shuar
6084010	Category:Shuswap terms with IPA pronunciation	Shuswap	shuswap
8488436	Category:Siberian Tatar terms with IPA pronunciation	Siberian Tatar	siberiantatar
4688440	Category:Sichuan Yi terms with IPA pronunciation	Sichuan Yi	sichuanyi
4688165	Category:Sicilian terms with IPA pronunciation	Sicilian	sicilian
7838000	Category:Sidamo terms with IPA pronunciation	Sidamo	sidamo
8178143	Category:Sierra Negra Nahuatl terms with IPA pronunciation	Sierra Negra Nahuatl	sierranegranahuatl
4688886	Category:Silesian terms with IPA pronunciation	Silesian	silesian
8193373	Category:Simalungun Batak terms with IPA pronunciation	Simalungun Batak	simalungunbatak
4688804	Category:Sindhi terms with IPA pronunciation	Sindhi	sindhi
4688768	Category:Sinhalese terms with IPA pronunciation	Sinhalese	sinhalese
4839690	Category:Sinte Romani terms with IPA pronunciation	Sinte Romani	sinteromani
7505707	Category:Siraya terms with IPA pronunciation	Siraya	siraya
4686985	Category:Skolt Sami terms with IPA pronunciation	Skolt Sami	skoltsami
5555927	Category:Slavomolisano terms with IPA pronunciation	Slavomolisano	slavomolisano
4686982	Category:Slovak terms with IPA pronunciation	Slovak	slovak
4686983	Category:Slovene terms with IPA pronunciation	Slovene	slovene
6850885	Category:Solon terms with IPA pronunciation	Solon	solon
4687540	Category:Somali terms with IPA pronunciation	Somali	somali
7898195	Category:Soqotri terms with IPA pronunciation	Soqotri	soqotri
4688856	Category:Sotho terms with IPA pronunciation	Sotho	sotho
4688844	Category:South Levantine Arabic terms with IPA pronunciation	South Levantine Arabic	southlevantinearabic
7841365	Category:South Slavey terms with IPA pronunciation	South Slavey	southslavey
6404406	Category:Southeast Pashayi terms with IPA pronunciation	Southeast Pashayi	southeastpashayi
4688954	Category:Southeastern Tepehuan terms with IPA pronunciation	Southeastern Tepehuan	southeasterntepehuan
4765433	Category:Southern Altai terms with IPA pronunciation	Southern Altai	southernaltai
7255290	Category:Southern Amami-Oshima terms with IPA pronunciation	Southern Amami-Oshima	southernamamioshima
6653023	Category:Southern Kam terms with IPA pronunciation	Southern Kam	southernkam
4691446	Category:Southern Kurdish terms with IPA pronunciation	Southern Kurdish	southernkurdish
5790705	Category:Southern Pumi terms with IPA pronunciation	Southern Pumi	southernpumi
4688951	Category:Southern Sami terms with IPA pronunciation	Southern Sami	southernsami
6073368	Category:Southern Tujia terms with IPA pronunciation	Southern Tujia	southerntujia
7341104	Category:Southern Yukaghir terms with IPA pronunciation	Southern Yukaghir	southernyukaghir
6483489	Category:Southwestern Fars terms with IPA pronunciation	Southwestern Fars	southwesternfars
4687165	Category:Spanish terms with IPA pronunciation	Spanish	spanish
4691451	Category:Squamish terms with IPA pronunciation	Squamish	squamish
4688947	Category:Sranan Tongo terms with IPA pronunciation	Sranan Tongo	sranantongo
8133596	Category:Sudanese Arabic terms with IPA pronunciation	Sudanese Arabic	sudanesearabic
7192118	Category:Sui terms with IPA pronunciation	Sui	sui
7968025	Category:Sundanese terms with IPA pronunciation	Sundanese	sundanese
5553914	Category:Supyire terms with IPA pronunciation	Supyire	supyire
7852532	Category:Suyá terms with IPA pronunciation	Suyá	suyá
4688940	Category:Svan terms with IPA pronunciation	Svan	svan
4688365	Category:Swahili terms with IPA pronunciation	Swahili	swahili
4686897	Category:Swedish terms with IPA pronunciation	Swedish	swedish
5604342	Category:Sylheti terms with IPA pronunciation	Sylheti	sylheti
4688931	Category:Sãotomense terms with IPA pronunciation	Sãotomense	sãotomense
8476391	Category:Tabaru terms with IPA pronunciation	Tabaru	tabaru
6393873	Category:Tachawit terms with IPA pronunciation	Tachawit	tachawit
4687906	Category:Tagalog terms with IPA pronunciation	Tagalog	tagalog
4688821	Category:Tahitian terms with IPA pronunciation	Tahitian	tahitian
7043314	Category:Tai Dam terms with IPA pronunciation	Tai Dam	taidam
7610373	Category:Tai Do terms with IPA pronunciation	Tai Do	taido
8734382	Category:Tai Dón terms with IPA pronunciation	Tai Dón	taidón
5660188	Category:Tai Nüa terms with IPA pronunciation	Tai Nüa	tainüa
4688925	Category:Taimyr Pidgin Russian terms with IPA pronunciation	Taimyr Pidgin Russian	taimyrpidginrussian
5429425	Category:Tairuma terms with IPA pronunciation	Tairuma	tairuma
4688218	Category:Tajik terms with IPA pronunciation	Tajik	tajik
4688376	Category:Tamil terms with IPA pronunciation	Tamil	tamil
7814088	Category:Tangam terms with IPA pronunciation	Tangam	tangam
8115442	Category:Tangut terms with IPA pronunciation	Tangut	tangut
4688210	Category:Taos terms with IPA pronunciation	Taos	taos
7829150	Category:Tapayuna terms with IPA pronunciation	Tapayuna	tapayuna
6263752	Category:Tara Baka terms with IPA pronunciation	Tara Baka	tarabaka
5790787	Category:Taraon terms with IPA pronunciation	Taraon	taraon
5373609	Category:Tariana terms with IPA pronunciation	Tariana	tariana
4805082	Category:Tarifit terms with IPA pronunciation	Tarifit	tarifit
8663472	Category:Tashelhit terms with IPA pronunciation	Tashelhit	tashelhit
7491816	Category:Tataltepec Chatino terms with IPA pronunciation	Tataltepec Chatino	tataltepecchatino
4688450	Category:Tatar terms with IPA pronunciation	Tatar	tatar
7191711	Category:Tavoyan terms with IPA pronunciation	Tavoyan	tavoyan
6652884	Category:Teanu terms with IPA pronunciation	Teanu	teanu
4688374	Category:Telugu terms with IPA pronunciation	Telugu	telugu
4779862	Category:Temascaltepec Nahuatl terms with IPA pronunciation	Temascaltepec Nahuatl	temascaltepecnahuatl
7789828	Category:Temoaya Otomi terms with IPA pronunciation	Temoaya Otomi	temoayaotomi
8541113	Category:Tengger terms with IPA pronunciation	Tengger	tengger
7181504	Category:Teojomulco Chatino terms with IPA pronunciation	Teojomulco Chatino	teojomulcochatino
7555975	Category:Teposcolula Mixtec terms with IPA pronunciation	Teposcolula Mixtec	teposcolulamixtec
4688950	Category:Ter Sami terms with IPA pronunciation	Ter Sami	tersami
5662783	Category:Teribe terms with IPA pronunciation	Teribe	teribe
7847104	Category:Ternate terms with IPA pronunciation	Ternate	ternate
4688492	Category:Tetelcingo Nahuatl terms with IPA pronunciation	Tetelcingo Nahuatl	tetelcingonahuatl
7557013	Category:Tezoatlán Mixtec terms with IPA pronunciation	Tezoatlán Mixtec	tezoatlánmixtec
4688114	Category:Thai terms with IPA pronunciation	Thai	thai
4691343	Category:Thao terms with IPA pronunciation	Thao	thao
4688403	Category:Tibetan terms with IPA pronunciation	Tibetan	tibetan
8538097	Category:Tidore terms with IPA pronunciation	Tidore	tidore
8044455	Category:Tigre terms with IPA pronunciation	Tigre	tigre
4688793	Category:Tigrinya terms with IPA pronunciation	Tigrinya	tigrinya
8699028	Category:Tircul terms with IPA pronunciation	Tircul	tircul
7370096	Category:Tlamacazapa Nahuatl terms with IPA pronunciation	Tlamacazapa Nahuatl	tlamacazapanahuatl
4688791	Category:Tlingit terms with IPA pronunciation	Tlingit	tlingit
8340862	Category:Toba Batak terms with IPA pronunciation	Toba Batak	tobabatak
6910093	Category:Tocharian A terms with IPA pronunciation	Tocharian A	tochariana
5388071	Category:Tocharian B terms with IPA pronunciation	Tocharian B	tocharianb
7307632	Category:Tocho terms with IPA pronunciation	Tocho	tocho
8266122	Category:Toda terms with IPA pronunciation	Toda	toda
7352251	Category:Tofa terms with IPA pronunciation	Tofa	tofa
4688426	Category:Tok Pisin terms with IPA pronunciation	Tok Pisin	tokpisin
5106948	Category:Tokelauan terms with IPA pronunciation	Tokelauan	tokelauan
7142051	Category:Toku-No-Shima terms with IPA pronunciation	Toku-No-Shima	tokunoshima
4688904	Category:Tongan terms with IPA pronunciation	Tongan	tongan
4839066	Category:Tonkawa terms with IPA pronunciation	Tonkawa	tonkawa
5660200	Category:Torwali terms with IPA pronunciation	Torwali	torwali
4687536	Category:Translingual terms with IPA pronunciation	Translingual	translingual
7851716	Category:Transylvanian Saxon terms with IPA pronunciation	Transylvanian Saxon	transylvaniansaxon
4790245	Category:Tsakonian terms with IPA pronunciation	Tsakonian	tsakonian
7883733	Category:Tsez terms with IPA pronunciation	Tsez	tsez
4839065	Category:Tsimshian terms with IPA pronunciation	Tsimshian	tsimshian
8527652	Category:Tsou terms with IPA pronunciation	Tsou	tsou
4688351	Category:Tswana terms with IPA pronunciation	Tswana	tswana
6609051	Category:Tulu-Bohuai terms with IPA pronunciation	Tulu-Bohuai	tulubohuai
4688855	Category:Tundra Nenets terms with IPA pronunciation	Tundra Nenets	tundranenets
4688836	Category:Tunisian Arabic terms with IPA pronunciation	Tunisian Arabic	tunisianarabic
4688019	Category:Turkish terms with IPA pronunciation	Turkish	turkish
4688020	Category:Turkmen terms with IPA pronunciation	Turkmen	turkmen
7359816	Category:Turoyo terms with IPA pronunciation	Turoyo	turoyo
5107005	Category:Tuvaluan terms with IPA pronunciation	Tuvaluan	tuvaluan
4691324	Category:Tuvan terms with IPA pronunciation	Tuvan	tuvan
8663031	Category:Tyap terms with IPA pronunciation	Tyap	tyap
5462744	Category:Tzotzil terms with IPA pronunciation	Tzotzil	tzotzil
8251172	Category:Tày terms with IPA pronunciation	Tày	tày
7090092	Category:Ubykh terms with IPA pronunciation	Ubykh	ubykh
4688816	Category:Udihe terms with IPA pronunciation	Udihe	udihe
4691306	Category:Udmurt terms with IPA pronunciation	Udmurt	udmurt
5581877	Category:Ugaritic terms with IPA pronunciation	Ugaritic	ugaritic
4687267	Category:Ukrainian terms with IPA pronunciation	Ukrainian	ukrainian
7356772	Category:Ulch terms with IPA pronunciation	Ulch	ulch
4688409	Category:Unami terms with IPA pronunciation	Unami	unami
8708455	Category:Uneapa terms with IPA pronunciation	Uneapa	uneapa
6144974	Category:Unua terms with IPA pronunciation	Unua	unua
4972931	Category:Upper Kuskokwim terms with IPA pronunciation	Upper Kuskokwim	upperkuskokwim
4688031	Category:Upper Sorbian terms with IPA pronunciation	Upper Sorbian	uppersorbian
6246416	Category:Ura (Vanuatu) terms with IPA pronunciation	Ura (Vanuatu)	uravanuatu
8338753	Category:Urak Lawoi' terms with IPA pronunciation	Urak Lawoi'	uraklawoi
7101161	Category:Urat terms with IPA pronunciation	Urat	urat
4688175	Category:Urdu terms with IPA pronunciation	Urdu	urdu
4691441	Category:Urubú-Kaapor terms with IPA pronunciation	Urubú-Kaapor	urubúkaapor
6136546	Category:Uyajitaya terms with IPA pronunciation	Uyajitaya	uyajitaya
4688332	Category:Uyghur terms with IPA pronunciation	Uyghur	uyghur
4688730	Category:Uzbek terms with IPA pronunciation	Uzbek	uzbek
5567256	Category:Vanimo terms with IPA pronunciation	Vanimo	vanimo
6732259	Category:Varli terms with IPA pronunciation	Varli	varli
4688448	Category:Venetian terms with IPA pronunciation	Venetian	venetian
4688030	Category:Vietnamese terms with IPA pronunciation	Vietnamese	vietnamese
4691355	Category:Vilamovian terms with IPA pronunciation	Vilamovian	vilamovian
8630750	Category:Vlax Romani terms with IPA pronunciation	Vlax Romani	vlaxromani
4688167	Category:Volapük terms with IPA pronunciation	Volapük	volapük
6931085	Category:Volga German terms with IPA pronunciation	Volga German	volgagerman
6816993	Category:Votic terms with IPA pronunciation	Votic	votic
4688746	Category:Vurës terms with IPA pronunciation	Vurës	vurës
4688792	Category:Võro terms with IPA pronunciation	Võro	võro
7990286	Category:Wakhi terms with IPA pronunciation	Wakhi	wakhi
8469782	Category:Wallisian terms with IPA pronunciation	Wallisian	wallisian
4688459	Category:Walloon terms with IPA pronunciation	Walloon	walloon
5784891	Category:Wancho terms with IPA pronunciation	Wancho	wancho
8146797	Category:Wanukaka terms with IPA pronunciation	Wanukaka	wanukaka
4688813	Category:Waray-Waray terms with IPA pronunciation	Waray-Waray	waraywaray
7397218	Category:Wari' terms with IPA pronunciation	Wari'	wari
4688462	Category:Warlpiri terms with IPA pronunciation	Warlpiri	warlpiri
4688891	Category:Warrgamay terms with IPA pronunciation	Warrgamay	warrgamay
7298247	Category:Warungu terms with IPA pronunciation	Warungu	warungu
6909953	Category:Wathaurong terms with IPA pronunciation	Wathaurong	wathaurong
5171919	Category:Wauja terms with IPA pronunciation	Wauja	wauja
4687488	Category:Welsh terms with IPA pronunciation	Welsh	welsh
6848629	Category:Weri terms with IPA pronunciation	Weri	weri
6002269	Category:West Flemish terms with IPA pronunciation	West Flemish	westflemish
4688223	Category:West Frisian terms with IPA pronunciation	West Frisian	westfrisian
8536639	Category:West Makian terms with IPA pronunciation	West Makian	westmakian
4688438	Category:Western Apache terms with IPA pronunciation	Western Apache	westernapache
4688472	Category:Western Arrernte terms with IPA pronunciation	Western Arrernte	westernarrernte
8507156	Category:Western Cham terms with IPA pronunciation	Western Cham	westerncham
7157166	Category:Western Highland Chatino terms with IPA pronunciation	Western Highland Chatino	westernhighlandchatino
7514486	Category:Western Huasteca Nahuatl terms with IPA pronunciation	Western Huasteca Nahuatl	westernhuastecanahuatl
4688853	Category:Western Kayah terms with IPA pronunciation	Western Kayah	westernkayah
7924417	Category:Western Lawa terms with IPA pronunciation	Western Lawa	westernlawa
7359829	Category:Western Neo-Aramaic terms with IPA pronunciation	Western Neo-Aramaic	westernneoaramaic
8438600	Category:Western Pwo terms with IPA pronunciation	Western Pwo	westernpwo
5604346	Category:Westrobothnian terms with IPA pronunciation	Westrobothnian	westrobothnian
8146799	Category:Weyewa terms with IPA pronunciation	Weyewa	weyewa
5787809	Category:White Gelao terms with IPA pronunciation	White Gelao	whitegelao
4688430	Category:White Hmong terms with IPA pronunciation	White Hmong	whitehmong
8517132	Category:White Lachi terms with IPA pronunciation	White Lachi	whitelachi
7307677	Category:Winnebago terms with IPA pronunciation	Winnebago	winnebago
4691347	Category:Wintu terms with IPA pronunciation	Wintu	wintu
8085902	Category:Wiyot terms with IPA pronunciation	Wiyot	wiyot
7668094	Category:Woleaian terms with IPA pronunciation	Woleaian	woleaian
7982569	Category:Wolio terms with IPA pronunciation	Wolio	wolio
4784154	Category:Wolof terms with IPA pronunciation	Wolof	wolof
7043021	Category:Written Oirat terms with IPA pronunciation	Written Oirat	writtenoirat
8065488	Category:Wutunhua terms with IPA pronunciation	Wutunhua	wutunhua
5783161	Category:Xavante terms with IPA pronunciation	Xavante	xavante
5783014	Category:Xerénte terms with IPA pronunciation	Xerénte	xerénte
4688461	Category:Xhosa terms with IPA pronunciation	Xhosa	xhosa
5558906	Category:Xinca terms with IPA pronunciation	Xinca	xinca
7853086	Category:Xokleng terms with IPA pronunciation	Xokleng	xokleng
6547339	Category:Xârâcùù terms with IPA pronunciation	Xârâcùù	xârâcùù
7010893	Category:Yaeyama terms with IPA pronunciation	Yaeyama	yaeyama
4691344	Category:Yagnobi terms with IPA pronunciation	Yagnobi	yagnobi
7924539	Category:Yakkha terms with IPA pronunciation	Yakkha	yakkha
4688826	Category:Yakut terms with IPA pronunciation	Yakut	yakut
8063846	Category:Yami terms with IPA pronunciation	Yami	yami
8025228	Category:Yamphu terms with IPA pronunciation	Yamphu	yamphu
6260996	Category:Yankunytjatjara terms with IPA pronunciation	Yankunytjatjara	yankunytjatjara
5071063	Category:Yapese terms with IPA pronunciation	Yapese	yapese
7710130	Category:Yevanic terms with IPA pronunciation	Yevanic	yevanic
4688217	Category:Yiddish terms with IPA pronunciation	Yiddish	yiddish
4691335	Category:Yidiny terms with IPA pronunciation	Yidiny	yidiny
8491815	Category:Yimas terms with IPA pronunciation	Yimas	yimas
8654249	Category:Yola terms with IPA pronunciation	Yola	yola
5186368	Category:Yonaguni terms with IPA pronunciation	Yonaguni	yonaguni
8670670	Category:Yong terms with IPA pronunciation	Yong	yong
4688929	Category:Yoron terms with IPA pronunciation	Yoron	yoron
4691307	Category:Yoruba terms with IPA pronunciation	Yoruba	yoruba
4688373	Category:Yucatec Maya terms with IPA pronunciation	Yucatec Maya	yucatecmaya
8577049	Category:Yup'ik terms with IPA pronunciation	Yup'ik	yupik
5671548	Category:Yupiltepeque terms with IPA pronunciation	Yupiltepeque	yupiltepeque
4688908	Category:Yurok terms with IPA pronunciation	Yurok	yurok
7238110	Category:Yámana terms with IPA pronunciation	Yámana	yámana
8193986	Category:Zacatepec Chatino terms with IPA pronunciation	Zacatepec Chatino	zacatepecchatino
8134901	Category:Zacatlán-Ahuacatlán-Tepetzintla Nahuatl terms with IPA pronunciation	Zacatlán-Ahuacatlán-Tepetzintla Nahuatl	zacatlánahuacatlántepetzintlanahuatl
5376320	Category:Zaghawa terms with IPA pronunciation	Zaghawa	zaghawa
4687270	Category:Zazaki terms with IPA pronunciation	Zazaki	zazaki
4691497	Category:Zhuang terms with IPA pronunciation	Zhuang	zhuang
4688475	Category:Zoogocho Zapotec terms with IPA pronunciation	Zoogocho Zapotec	zoogochozapotec
7857286	Category:Zou terms with IPA pronunciation	Zou	zou
4688778	Category:Zulu terms with IPA pronunciation	Zulu	zulu
8416302	Category:Önge terms with IPA pronunciation	Önge	önge
5662425	Category:ǃXóõ terms with IPA pronunciation	ǃXóõ	ǃxóõ
